,reportedTests,reportedCases,specimenCases,reportedDeaths,specimenDeaths,hospitalisations,posTests,mortCases,mortality,hospitalisationRate
2020-01-03,,,,,,,,,,
2020-01-04,,,,,,,,,,
2020-01-05,,,,,,,,,,
2020-01-06,,,,,,,,,,
2020-01-07,,,,,,,,,,
2020-01-08,,,,,,,,,,
2020-01-09,,0.0,,0.0,,,,,,
2020-01-10,,0.0,,0.0,,,,,,
2020-01-11,,0.0,,0.0,,,,,,
2020-01-12,,0.0,,0.0,,,,,,
2020-01-13,,0.0,,0.0,,,,,,
2020-01-14,,0.0,,0.0,,,,,,
2020-01-15,,0.0,,0.0,,,,,,
2020-01-16,,0.0,,0.0,,,,,,
2020-01-17,,0.0,,0.0,,,,,,
2020-01-18,,0.0,,0.0,,,,,,
2020-01-19,,0.0,,0.0,,,,,,
2020-01-20,,0.0,,0.0,,,,,,
2020-01-21,,0.0,,0.0,,,,,,
2020-01-22,,0.0,,0.0,,,,,,
2020-01-23,,0.0,,0.0,,,,,,
2020-01-24,,0.0,,0.0,,,,,,
2020-01-25,,0.0,,0.0,,,,,,
2020-01-26,,0.0,,0.0,,,,,,
2020-01-27,,0.0,,0.0,,,,,,
2020-01-28,,0.0,,0.0,,,,,,
2020-01-29,,0.0,,0.0,,,,,,
2020-01-30,,0.0,,0.0,,,,,,
2020-01-31,,0.2857142857142857,,0.0,,,,,,
2020-02-01,,0.2857142857142857,,0.0,,,,,,
2020-02-02,,0.2857142857142857,,0.0,,,,,,
2020-02-03,,0.2857142857142857,,0.0,,,,,,
2020-02-04,,0.2857142857142857,,0.0,,,,,,
2020-02-05,,0.2857142857142857,0.7142857142857143,0.0,,,,1.7142857142857142,,
2020-02-06,,0.42857142857142855,0.42857142857142855,0.0,,,,2.142857142857143,,
2020-02-07,,0.14285714285714285,0.2857142857142857,0.0,,,,2.2857142857142856,,
2020-02-08,,0.14285714285714285,0.7142857142857143,0.0,,,,2.4285714285714284,,
2020-02-09,,0.2857142857142857,0.8571428571428571,0.0,,,,2.714285714285714,,
2020-02-10,,0.8571428571428571,0.8571428571428571,0.0,,,,3.571428571428571,,
2020-02-11,,0.8571428571428571,1.0,0.0,,,,4.428571428571428,,
2020-02-12,,0.8571428571428571,0.8571428571428571,0.0,,,,5.285714285714286,,
2020-02-13,,0.8571428571428571,0.8571428571428571,0.0,,,,6.142857142857142,,
2020-02-14,,0.8571428571428571,0.8571428571428571,0.0,,,,7.0,,
2020-02-15,,0.8571428571428571,0.2857142857142857,0.0,,,,7.857142857142857,,
2020-02-16,,0.7142857142857143,0.14285714285714285,0.0,,,,8.571428571428571,,
2020-02-17,,0.14285714285714285,0.14285714285714285,0.0,,,,8.714285714285714,,
2020-02-18,,0.14285714285714285,0.0,0.0,,,,8.857142857142856,,
2020-02-19,,0.14285714285714285,0.0,0.0,,,,9.0,,
2020-02-20,,0.0,0.0,0.0,,,,9.0,,
2020-02-21,,0.0,0.14285714285714285,0.0,,,,9.0,,
2020-02-22,,0.0,0.14285714285714285,0.0,,,,9.0,,
2020-02-23,,0.0,0.2857142857142857,0.0,,,,9.0,,
2020-02-24,,0.5714285714285714,0.5714285714285714,0.0,,,,9.571428571428571,,
2020-02-25,,0.5714285714285714,1.2857142857142858,0.0,,,,10.142857142857142,,
2020-02-26,,0.5714285714285714,1.8571428571428572,0.0,,,,10.714285714285714,,
2020-02-27,,0.5714285714285714,2.857142857142857,0.0,,,,11.285714285714285,,
2020-02-28,,1.2857142857142858,4.285714285714286,0.0,,,,12.285714285714285,,
2020-02-29,,1.7142857142857142,5.0,0.0,,,,13.714285714285714,,
2020-03-01,,3.4285714285714284,7.714285714285714,0.0,,,,16.857142857142854,,
2020-03-02,,3.4285714285714284,12.857142857142858,0.0,,,,20.0,,
2020-03-03,,5.0,19.571428571428573,0.0,,,,24.714285714285715,,
2020-03-04,,9.571428571428571,26.0,0.0,,,,34.0,,
2020-03-05,,13.142857142857142,31.714285714285715,0.0,,,,46.71428571428571,,
2020-03-06,,18.0,40.57142857142857,0.14285714285714285,,,,64.57142857142857,,
2020-03-07,,23.142857142857142,47.714285714285715,0.2857142857142857,,,,87.57142857142857,,
2020-03-08,,29.714285714285715,52.0,0.2857142857142857,1.2857142857142858,,,117.0,1.098901098901099,
2020-03-09,,34.857142857142854,64.28571428571429,0.42857142857142855,1.8571428571428572,,,151.0,1.229895931882687,
2020-03-10,,39.857142857142854,89.28571428571429,1.0,2.0,,,189.99999999999997,1.0526315789473686,
2020-03-11,,44.285714285714285,132.71428571428572,1.0,3.142857142857143,,,233.4285714285714,1.3463892288861692,
2020-03-12,,54.857142857142854,185.14285714285714,1.2857142857142858,4.428571428571429,,,287.42857142857144,1.540755467196819,
2020-03-13,,72.0,230.85714285714286,1.2857142857142858,6.714285714285714,,,358.57142857142856,1.8725099601593627,
2020-03-14,,95.14285714285714,268.0,3.7142857142857144,9.571428571428571,,,452.85714285714283,2.1135646687697163,
2020-03-15,,123.0,317.7142857142857,5.714285714285714,13.714285714285714,,,575.1428571428571,2.384500745156483,
2020-03-16,,131.14285714285714,378.14285714285717,8.714285714285714,19.0,,,706.1428571428571,2.6906736799514466,
2020-03-17,,176.14285714285714,443.2857142857143,10.285714285714286,25.714285714285715,,,882.1428571428571,2.9149797570850207,
2020-03-18,,256.42857142857144,522.5714285714286,15.0,34.142857142857146,,,1138.4285714285713,2.9991215961852182,
2020-03-19,,324.2857142857143,595.5714285714286,20.714285714285715,42.0,,,1462.7142857142858,2.871374157632581,
2020-03-20,,391.2857142857143,694.2857142857143,25.142857142857142,54.285714285714285,,,1854.0,2.928032054245646,
2020-03-21,,487.2857142857143,796.7142857142857,30.285714285714285,68.14285714285714,,,2341.285714285714,2.9104887424492034,
2020-03-22,,527.5714285714286,912.7142857142857,31.714285714285715,85.57142857142857,,,2868.8571428571427,2.982770640374465,
2020-03-23,,627.0,1122.0,38.142857142857146,104.28571428571429,,,3495.285714285714,2.983610577512568,
2020-03-24,,755.1428571428571,1313.4285714285713,56.42857142857143,128.42857142857142,,,4249.857142857142,3.0219503176577365,
2020-03-25,,827.2857142857143,1506.4285714285713,77.14285714285714,158.57142857142858,1048.5714285714287,,5076.571428571428,3.1235929761368757,20.65511031067087
2020-03-26,,1003.7142857142857,1747.0,95.28571428571429,197.0,1199.0,,6079.714285714285,3.240283847925185,19.721321490671556
2020-03-27,,1272.0,1971.0,129.42857142857142,236.0,1376.142857142857,,7350.428571428571,3.210697141080209,18.721940411637807
2020-03-28,,1452.857142857143,2162.1428571428573,161.57142857142858,274.14285714285717,1532.7142857142858,,8801.57142857143,3.1147035431984547,17.414098131827107
2020-03-29,,1670.7142857142858,2337.714285714286,186.0,318.57142857142856,1722.2857142857142,,10468.857142857143,3.043039218361944,16.45151606124287
2020-03-30,,1858.4285714285713,2552.8571428571427,226.85714285714286,370.7142857142857,1963.5714285714287,,12323.857142857143,3.008102750762169,15.933091448642006
2020-03-31,,2023.5714285714287,2804.4285714285716,259.0,425.57142857142856,2092.5714285714284,,14342.42857142857,2.9672201360598427,14.59007739275078
2020-04-01,,2380.714285714286,3066.1428571428573,321.14285714285717,485.57142857142856,2284.5714285714284,,16713.571428571428,2.9052523612120176,13.66896021197487
2020-04-02,,2634.1428571428573,3274.285714285714,383.14285714285717,542.0,2469.285714285714,,19334.571428571428,2.8032687561880274,12.77134961800476
2020-04-03,,2787.0,3482.4285714285716,437.85714285714283,594.5714285714286,2559.714285714286,,22103.571428571428,2.689933753433511,11.580546130231056
2020-04-04,,2897.1428571428573,3626.4285714285716,496.42857142857144,659.2857142857143,2662.5714285714284,,24977.57142857143,2.639510875471137,10.659849121783543
2020-04-05,,3332.4285714285716,3718.1428571428573,551.1428571428571,711.2857142857143,2720.5714285714284,,28280.285714285717,2.515129166203615,9.62002808619836
2020-04-06,10767.285714285714,3485.1428571428573,3840.714285714286,576.5714285714286,749.2857142857143,2700.8571428571427,32.36788685303366,31730.571428571428,2.361400001800877,8.51184526864583
2020-04-07,10839.42857142857,3565.714285714286,3953.4285714285716,668.1428571428571,793.4285714285714,2743.285714285714,32.89577732089198,35256.42857142857,2.2504507789866084,7.780951802102959
2020-04-08,11298.714285714286,3731.1428571428573,3982.285714285714,712.2857142857143,832.8571428571429,2674.714285714286,33.02272066353947,38943.28571428571,2.1386411741616933,6.868229623298351
2020-04-09,11695.714285714286,3761.8571428571427,3981.0,767.5714285714286,853.2857142857143,2590.1428571428573,32.1644069866862,42650.28571428572,2.000656502049894,6.0729789115463975
2020-04-10,12040.857142857143,3860.0,3905.5714285714284,822.0,868.5714285714286,2537.5714285714284,32.05751844909,46438.28571428572,1.8703778901645194,5.464395141939532
2020-04-11,12248.714285714286,3993.0,3861.4285714285716,830.0,872.1428571428571,2446.4285714285716,32.59933987240643,50336.142857142855,1.7326374402942504,4.860182828016223
2020-04-12,12338.285714285714,3788.0,3841.5714285714284,833.7142857142857,876.2857142857143,2332.0,30.7011856243053,54001.142857142855,1.6227169795348249,4.318427123235487
2020-04-13,12190.857142857143,3762.714285714286,3707.714285714286,857.0,876.2857142857143,2222.4285714285716,30.865051092153372,57632.71428571428,1.5204658068706018,3.8561927873306088
2020-04-14,12293.714285714286,3887.8571428571427,3560.0,856.7142857142857,856.1428571428571,2096.0,31.624755972854885,61344.42857142857,1.3956326223594644,3.416773207952288
2020-04-15,12318.714285714286,3659.285714285714,3550.4285714285716,829.2857142857143,829.0,1951.5714285714287,29.705094455590213,64747.28571428572,1.2803625524291145,3.0141362792924578
2020-04-16,12457.857142857143,3562.1428571428573,3592.0,817.2857142857143,811.4285714285714,1871.142857142857,28.59354394816811,67985.14285714286,1.1935380839511154,2.7522820111957236
2020-04-17,12631.857142857143,3522.4285714285716,3661.0,787.4285714285714,796.2857142857143,1796.5714285714287,27.885278717075874,71116.28571428571,1.119695307886078,2.5262447420120773
2020-04-18,12818.857142857143,3480.5714285714284,3809.5714285714284,824.4285714285714,774.0,1718.857142857143,27.151963625016716,74109.57142857143,1.044399508835373,2.3193456792741247
2020-04-19,12948.857142857143,3471.285714285714,3885.0,792.4285714285714,749.0,1673.7142857142858,26.80766090774696,77053.28571428571,0.9720545893101806,2.172151739148975
2020-04-20,13307.285714285714,3385.8571428571427,3918.4285714285716,769.8571428571429,731.8571428571429,1618.0,25.443634528883212,79812.14285714286,0.9169746816184434,2.0272604419306046
2020-04-21,13994.0,3276.285714285714,3979.5714285714284,785.4285714285714,714.4285714285714,1566.0,23.412074562567632,82333.28571428571,0.8677275116989658,1.9020253915704985
2020-04-22,14355.285714285714,3252.285714285714,4060.8571428571427,784.7142857142857,694.1428571428571,1523.4285714285713,22.655666902186354,84758.28571428572,0.8189675514235437,1.797380112858751
2020-04-23,14559.57142857143,3247.4285714285716,4089.8571428571427,740.1428571428571,671.4285714285714,1453.7142857142858,22.304424188310097,87002.0,0.7717392375216334,1.6708975491532214
2020-04-24,14969.714285714286,3107.285714285714,4129.714285714285,739.4285714285714,651.1428571428571,1397.0,20.75714776501126,88837.28571428571,0.7329612244536963,1.5725379144213898
2020-04-25,15110.57142857143,3004.1428571428573,4024.285714285714,700.1428571428571,629.4285714285714,1349.7142857142858,19.88106718097075,90388.57142857143,0.6963585788342395,1.4932355544316602
2020-04-26,15598.42857142857,2796.285714285714,3976.285714285714,692.5714285714286,611.8571428571429,1311.5714285714287,17.92671422945535,91514.14285714286,0.6685929887495923,1.4331898738524413
2020-04-27,15677.714285714286,2776.714285714286,4026.5714285714284,657.2857142857143,586.4285714285714,1286.142857142857,17.711218836565095,92432.42857142858,0.6344402938362695,1.3914411608789121
2020-04-28,16118.0,2619.8571428571427,4047.0,621.0,565.0,1257.7142857142858,16.25423218052576,93028.71428571428,0.6073393621938542,1.3519635258545366
2020-04-29,17696.571428571428,2388.8571428571427,4037.5714285714284,603.7142857142857,543.5714285714286,1255.5714285714287,13.498982853821564,93036.85714285714,0.5842538594535498,1.3495419634000658
2020-04-30,20248.0,2303.1428571428573,4002.4285714285716,596.4285714285714,527.8571428571429,1246.7142857142858,11.374668397584243,92705.85714285713,0.5693892048737867,1.3448063845557612
2020-05-01,22522.14285714286,2231.285714285714,3966.4285714285716,568.1428571428571,510.14285714285717,1218.7142857142858,9.907075576416858,92150.14285714286,0.5535996378580919,1.3225310866892697
2020-05-02,23783.428571428572,2145.8571428571427,3876.4285714285716,533.2857142857143,491.42857142857144,1204.4285714285713,9.022488647557722,91398.85714285714,0.5376747442918949,1.31777202590842
2020-05-03,24697.428571428572,2126.8571428571427,3804.4285714285716,518.2857142857143,466.7142857142857,1181.0,8.61165419187654,90193.28571428571,0.517460121358416,1.3094101081328513
2020-05-04,26023.714285714286,2015.5714285714287,3635.4285714285716,512.2857142857143,453.14285714285717,1140.857142857143,7.745133559500675,88723.71428571429,0.5107347689295502,1.2858536773869442
2020-05-05,27130.0,1994.5714285714287,3496.4285714285716,480.42857142857144,437.57142857142856,1092.7142857142858,7.351903533252593,87152.57142857143,0.5020751785046912,1.2537946589560507
2020-05-06,27118.571428571428,2024.2857142857142,3287.5714285714284,469.7142857142857,423.2857142857143,1056.2857142857142,7.464573565822051,85445.71428571429,0.4953855413629371,1.23620678124791
2020-05-07,26120.428571428572,1974.142857142857,3130.1428571428573,446.0,411.42857142857144,1023.5714285714286,7.557850177474664,83658.0,0.49179823977213344,1.2235188847108807
2020-05-08,25229.85714285714,1858.857142857143,2919.5714285714284,428.14285714285717,390.0,975.2857142857143,7.367687943423043,81656.85714285714,0.4776083891126281,1.1943708690373305
2020-05-09,25097.571428571428,1733.2857142857142,2784.285714285714,391.14285714285717,376.7142857142857,949.2857142857143,6.9061889881206495,79397.14285714286,0.4744683148008205,1.1956169707438196
2020-05-10,25162.0,1588.7142857142858,2695.0,386.57142857142856,364.2857142857143,908.1428571428571,6.313942793554907,77197.85714285714,0.4718857851346725,1.1763835043533777
2020-05-11,24935.571428571428,1503.857142857143,2726.285714285714,376.14285714285717,342.7142857142857,880.0,6.030971245896568,74939.0,0.45732433808068657,1.1742884212492828
2020-05-12,24755.0,1393.142857142857,2696.1428571428573,361.85714285714283,326.2857142857143,863.5714285714286,5.6277231150994025,72444.28571428571,0.4503953777286979,1.1920490623336162
2020-05-13,24456.571428571428,1326.7142857142858,2641.1428571428573,338.0,306.7142857142857,829.8571428571429,5.424776279819622,70111.71428571429,0.4374651067072549,1.183621241202815
2020-05-14,24219.285714285714,1191.857142857143,2499.0,327.42857142857144,289.2857142857143,796.2857142857143,4.921107735865751,67741.42857142857,0.42704401189396657,1.1754781838503556
2020-05-15,24528.0,1108.7142857142858,2430.285714285714,296.2857142857143,280.85714285714283,795.5714285714286,4.520198490355046,65327.71428571428,0.4299203575817745,1.2178161095487805
2020-05-16,24921.714285714286,1078.2857142857142,2426.8571428571427,313.7142857142857,272.0,777.4285714285714,4.3266915827849495,62925.42857142857,0.43225768369816425,1.235476005612085
2020-05-17,24639.714285714286,1047.0,2366.8571428571427,292.7142857142857,260.85714285714283,765.5714285714286,4.249237583923747,60501.142857142855,0.4311606864569264,1.2653834166060618
2020-05-18,24969.85714285714,1036.2857142857142,2245.285714285714,287.0,259.85714285714283,746.5714285714286,4.150146748365172,58151.57142857143,0.44686177255988657,1.283837066189097
2020-05-19,25342.0,1006.2857142857143,2197.0,273.85714285714283,253.57142857142858,733.4285714285714,3.970822012018445,55881.57142857143,0.4537657443931171,1.312469482655923
2020-05-20,26156.714285714286,960.2857142857143,2120.0,259.14285714285717,250.57142857142858,723.1428571428571,3.671278065724725,53589.571428571435,0.4675749812730089,1.3494096665929136
2020-05-21,26801.285714285714,912.4285714285714,2128.8571428571427,247.28571428571428,239.71428571428572,716.2857142857143,3.40442089665208,51254.57142857143,0.4676934740315847,1.397506006432876
2020-05-22,26679.14285714286,908.2857142857143,2080.285714285714,244.0,229.14285714285714,702.0,3.404478618931857,49055.57142857143,0.4671087309145022,1.4310301145348279
2020-05-23,26686.85714285714,885.8571428571429,2013.142857142857,222.42857142857142,219.14285714285714,678.1428571428571,3.31945098710976,46937.28571428572,0.4668843837217442,1.444784986653924
2020-05-24,26735.0,856.7142857142857,1958.0,268.0,211.57142857142858,653.0,3.20446712442224,44997.71428571428,0.4701826124501563,1.4511848220862014
2020-05-25,26269.0,810.7142857142857,1839.142857142857,261.14285714285717,200.57142857142858,619.4285714285714,3.086201552073873,43031.71428571429,0.4661014135753696,1.439469892637324
2020-05-26,25397.571428571428,758.5714285714286,1677.2857142857142,212.28571428571428,194.42857142857142,594.5714285714286,2.9867872631241457,41170.42857142857,0.4722529693642802,1.4441710936768068
2020-05-27,25159.14285714286,727.8571428571429,1572.7142857142858,231.85714285714286,185.42857142857142,574.1428571428571,2.8930124805523696,39509.42857142857,0.4693273938228126,1.4531793495946717
2020-05-28,25007.428571428572,680.0,1472.7142857142858,245.42857142857142,182.71428571428572,553.4285714285714,2.719192011516578,37886.28571428571,0.48227025233405235,1.460762281111899
2020-05-29,25244.428571428572,605.2857142857143,1411.857142857143,243.85714285714286,178.14285714285714,533.5714285714286,2.397700199761192,36260.28571428572,0.49128917115143683,1.4715036521656908
2020-05-30,25140.85714285714,567.5714285714286,1368.7142857142858,232.42857142857142,170.57142857142858,528.1428571428571,2.2575659427454458,34682.0,0.4918154332836301,1.5228154579979734
2020-05-31,25343.85714285714,529.8571428571429,1338.0,186.28571428571428,162.42857142857142,520.8571428571429,2.0906728595827673,33085.0,0.49094324143440055,1.5742999632979988
2020-06-01,25828.85714285714,501.2857142857143,1328.857142857143,185.28571428571428,154.71428571428572,524.2857142857143,1.9407971150761607,31570.714285714286,0.4900563361162017,1.6606710559062425
2020-06-02,27017.0,494.42857142857144,1314.142857142857,202.85714285714286,150.14285714285714,520.7142857142857,1.8300646682776454,30070.571428571428,0.49930164280217015,1.7316408068638534
2020-06-03,27344.85714285714,473.42857142857144,1261.2857142857142,177.42857142857142,145.42857142857142,506.7142857142857,1.7313258173383348,28519.714285714286,0.509922960558611,1.7767158556988147
2020-06-04,27530.285714285714,460.85714285714283,1201.142857142857,148.42857142857142,136.57142857142858,490.7142857142857,1.674000581178131,27006.428571428572,0.5056997011293607,1.817027691819408
2020-06-05,27434.571428571428,445.2857142857143,1151.2857142857142,147.42857142857142,128.71428571428572,473.7142857142857,1.6230824507139066,25592.857142857145,0.502930505163271,1.8509628802679319
2020-06-06,27844.714285714286,403.42857142857144,1112.7142857142858,148.71428571428572,122.14285714285714,450.85714285714283,1.4488515388917107,24263.0,0.5034120147667525,1.8582085597706088
2020-06-07,28160.14285714286,390.2857142857143,1067.2857142857142,150.14285714285714,122.14285714285714,433.2857142857143,1.3859507612075832,23064.57142857143,0.5295691598741421,1.8785769145009041
2020-06-08,28416.571428571428,361.42857142857144,1021.1428571428571,145.14285714285714,120.57142857142857,408.42857142857144,1.271893663657021,21922.142857142855,0.5499983708579063,1.8630868984392823
2020-06-09,29039.285714285714,391.0,979.1428571428571,138.14285714285714,110.42857142857143,386.14285714285717,1.3464518509408436,20920.0,0.5278612400983338,1.8458071565146137
2020-06-10,29446.0,334.0,956.1428571428571,127.42857142857143,104.57142857142857,373.42857142857144,1.1342796984310262,19927.285714285714,0.5247650386046412,1.8739560258367922
2020-06-11,29477.85714285714,315.85714285714283,922.8571428571429,120.57142857142857,97.57142857142857,355.14285714285717,1.0715064576316362,19051.285714285714,0.5121514108534106,1.864141152828081
2020-06-12,29673.285714285714,307.42857142857144,911.5714285714286,103.14285714285714,92.42857142857143,343.42857142857144,1.0360449273757542,18250.0,0.5064579256360079,1.8818003913894326
2020-06-13,30085.14285714286,300.2857142857143,920.5714285714286,98.57142857142857,85.85714285714286,337.57142857142856,0.9981196224049839,17472.0,0.4913984824699111,1.9320709052851908
2020-06-14,30098.285714285714,309.42857142857144,931.7142857142857,94.85714285714286,80.71428571428571,335.14285714285717,1.0280604495747268,16734.42857142857,0.482324719782143,2.0027146771839073
2020-06-15,30543.14285714286,327.57142857142856,923.8571428571429,92.14285714285714,73.57142857142857,337.57142857142856,1.0724876287406104,16025.714285714286,0.4590836156177572,2.106436084863612
2020-06-16,30559.285714285714,270.57142857142856,914.4285714285714,81.71428571428571,71.28571428571429,331.42857142857144,0.8853984059088891,15290.0,0.46622442305895545,2.1676165561057648
2020-06-17,30674.571428571428,297.57142857142856,890.2857142857143,74.14285714285714,65.0,321.7142857142857,0.9700915602499977,14627.285714285714,0.4443749938959479,2.1994120577003837
2020-06-18,31056.85714285714,294.2857142857143,894.4285714285714,73.57142857142857,63.0,319.14285714285717,0.9475708148189037,14009.142857142859,0.4497063142437591,2.278104095284712
2020-06-19,31584.428571428572,284.42857142857144,876.8571428571429,67.28571428571429,59.42857142857143,312.7142857142857,0.9005341691882529,13385.285714285714,0.44398433247595975,2.33625409564874
2020-06-20,31245.285714285714,277.57142857142856,854.2857142857143,63.42857142857143,59.57142857142857,301.14285714285717,0.888362587270308,12777.0,0.46623955992352334,2.356913650644574
2020-06-21,31181.714285714286,266.57142857142856,826.2857142857143,64.42857142857143,55.42857142857143,288.14285714285717,0.8548966427210086,12186.857142857143,0.45482252543723917,2.3643737984714215
2020-06-22,31430.85714285714,260.7142857142857,808.8571428571429,62.714285714285715,55.0,281.42857142857144,0.8294851283543017,11636.857142857143,0.47263620516094185,2.4184242186157285
2020-06-23,31830.14285714286,254.71428571428572,771.5714285714286,59.57142857142857,53.857142857142854,270.14285714285717,0.8002297911682995,11133.0,0.48376127600056457,2.4265054984537606
2020-06-24,31940.571428571428,234.0,745.2857142857143,57.285714285714285,56.0,259.85714285714283,0.7326105624731645,10639.142857142859,0.52635819212074,2.4424631414990463
2020-06-25,31937.14285714286,231.14285714285714,701.2857142857143,61.714285714285715,56.142857142857146,251.85714285714286,0.7237430667382359,10190.285714285716,0.5509448774743453,2.4715415241406378
2020-06-26,32178.714285714286,210.0,676.1428571428571,62.142857142857146,54.714285714285715,251.14285714285714,0.6526053158476544,9795.0,0.5585940348574345,2.5639903740975716
2020-06-27,32905.42857142857,191.14285714285714,657.7142857142857,57.42857142857143,52.57142857142857,254.71428571428572,0.5808854813361234,9418.57142857143,0.5581677536781434,2.7043834369786133
2020-06-28,32989.857142857145,180.71428571428572,638.0,57.142857142857146,51.857142857142854,246.14285714285714,0.5477874151795573,9069.428571428572,0.5717796049522729,2.713984185489714
2020-06-29,33287.0,169.42857142857142,616.7142857142857,57.714285714285715,48.42857142857143,225.28571428571428,0.5089932148543619,8737.57142857143,0.5542566584372904,2.5783561957392536
2020-06-30,33572.42857142857,167.42857142857142,594.2857142857143,52.42857142857143,45.857142857142854,213.0,0.4987085491070478,8410.571428571428,0.5452321907803106,2.5325270917552745
2020-07-01,34462.71428571428,177.42857142857142,577.7142857142857,54.714285714285715,39.285714285714285,204.28571428571428,0.5148421275166951,8114.571428571428,0.48413788246892714,2.517516988838421
2020-07-02,35270.42857142857,214.85714285714286,567.1428571428571,46.142857142857146,36.714285714285715,189.0,0.6091707743840449,7868.571428571428,0.4665940450254176,2.401960784313726
2020-07-03,35779.28571428572,261.57142857142856,553.1428571428571,41.714285714285715,35.142857142857146,174.42857142857142,0.731069453594458,7684.857142857143,0.4573000706398483,2.2697698628099787
2020-07-04,35903.0,316.85714285714283,536.5714285714286,40.714285714285715,34.0,161.71428571428572,0.8825366762029435,7598.285714285714,0.44746935398962173,2.12829961645484
2020-07-05,36622.28571428572,366.85714285714283,555.0,39.285714285714285,31.428571428571427,158.28571428571428,1.0017319664841078,7574.857142857143,0.41490645745322874,2.0896197948098973
2020-07-06,36870.142857142855,400.0,553.8571428571429,38.42857142857143,31.285714285714285,155.14285714285714,1.0848886633009287,7613.428571428572,0.41092805944383975,2.037752842721507
2020-07-07,37035.42857142857,453.7142857142857,551.5714285714286,38.857142857142854,28.857142857142858,149.28571428571428,1.2250817749799419,7676.142857142857,0.37593285318147135,1.9448011464090968
2020-07-08,37209.857142857145,515.0,560.2857142857143,33.42857142857143,29.0,140.71428571428572,1.3840418629472222,7857.142857142857,0.3690909090909091,1.790909090909091
2020-07-09,37216.0,528.4285714285714,577.2857142857143,33.142857142857146,28.285714285714285,138.85714285714286,1.4198962043974943,8069.714285714285,0.35051692394844924,1.7207194448378416
2020-07-10,37413.28571428572,525.2857142857143,573.4285714285714,31.571428571428573,27.571428571428573,132.85714285714286,1.4040085072911457,8287.571428571428,0.33268405357419895,1.6030889628186786
2020-07-11,38247.42857142857,557.7142857142857,578.4285714285714,30.0,26.142857142857142,129.57142857142858,1.4581745925029506,8545.0,0.305943325252863,1.5163420546685615
2020-07-12,38067.42857142857,575.2857142857143,551.8571428571429,28.714285714285715,24.428571428571427,121.14285714285714,1.5112281965835062,8810.857142857141,0.27725533432777744,1.374927038069914
2020-07-13,42423.142857142855,599.0,556.4285714285714,28.285714285714285,22.857142857142858,119.28571428571429,1.4119651672604576,9082.285714285714,0.25166729583490627,1.313388700138417
2020-07-14,50869.857142857145,570.4285714285714,569.5714285714286,27.142857142857142,22.0,115.57142857142857,1.12134887626408,9382.142857142857,0.23448800913589649,1.231823372668443
2020-07-15,61341.0,556.1428571428571,576.8571428571429,23.142857142857142,21.571428571428573,112.0,0.9066413282190657,9640.714285714286,0.22375342668741202,1.161739645847225
2020-07-16,74178.71428571429,553.2857142857143,570.8571428571429,22.285714285714285,18.285714285714285,108.85714285714286,0.7458820493364481,9899.714285714284,0.18470951542613065,1.0995988340211842
2020-07-17,87983.71428571429,575.4285714285714,575.2857142857143,21.0,17.857142857142858,105.85714285714286,0.6540171395355634,10190.714285714286,0.17522955071143198,1.0387607766173688
2020-07-18,97593.57142857143,574.0,581.7142857142857,20.0,16.857142857142858,98.85714285714286,0.5881534937166528,10487.142857142857,0.16074104345457021,0.9426508650047677
2020-07-19,106062.14285714286,582.1428571428571,590.2857142857143,20.142857142857142,17.142857142857142,98.85714285714286,0.5488695980119471,10802.714285714286,0.15869027625332258,0.9151139263941602
2020-07-20,107044.28571428571,587.5714285714286,599.2857142857143,20.428571428571427,15.714285714285714,91.57142857142857,0.5489049925931857,11129.571428571428,0.14119398770328725,0.8227758737982467
2020-07-21,108090.57142857143,591.4285714285714,605.2857142857143,18.0,15.571428571428571,85.42857142857143,0.5471601857701345,11466.285714285714,0.1358018538821888,0.7450413635004486
2020-07-22,107691.57142857143,593.2857142857143,608.8571428571429,16.857142857142858,15.0,80.57142857142857,0.5509119297040092,11825.571428571428,0.12684376472293699,0.6813322219403473
2020-07-23,104905.14285714286,608.2857142857143,622.0,14.857142857142858,15.571428571428571,79.85714285714286,0.5798435593515775,12202.714285714286,0.12760627026773902,0.6544211475198726
2020-07-24,102382.42857142857,615.8571428571429,646.2857142857143,15.857142857142858,13.857142857142858,81.28571428571429,0.601526210552313,12608.571428571428,0.10990256061636076,0.6446861545433946
2020-07-25,103926.14285714286,603.5714285714286,649.7142857142857,16.714285714285715,13.714285714285714,83.71428571428571,0.5807695849937387,13021.0,0.10532436613382777,0.642917484941907
2020-07-26,104101.85714285714,610.5714285714286,664.1428571428571,16.285714285714285,13.714285714285714,82.57142857142857,0.5865134833603901,13450.857142857141,0.10195845193083819,0.613874846000255
2020-07-27,103808.42857142857,622.1428571428571,672.1428571428571,15.285714285714286,13.428571428571429,82.0,0.5993182496879554,13903.57142857143,0.0965836116105831,0.5897765219624967
2020-07-28,104954.57142857143,643.2857142857143,684.7142857142857,14.714285714285714,12.142857142857142,80.57142857142857,0.6129182421782485,14379.428571428572,0.08444603401684946,0.5603242727706247
2020-07-29,106310.0,669.1428571428571,716.7142857142857,16.571428571428573,11.0,77.85714285714286,0.6294260719996775,14871.142857142857,0.07396876020672828,0.5235451209437261
2020-07-30,109421.0,684.8571428571429,734.5714285714286,15.285714285714286,9.857142857142858,73.0,0.625891869803002,15341.142857142857,0.06425298916080009,0.47584460088650504
2020-07-31,109883.0,702.8571428571429,721.1428571428571,12.714285714285714,10.428571428571429,67.57142857142857,0.6396413847975965,15782.428571428572,0.06607710202123518,0.4281434144663595
2020-08-01,109578.57142857143,704.5714285714286,721.2857142857143,12.142857142857142,9.857142857142858,65.42857142857143,0.642982856397888,16170.142857142857,0.060958910160701825,0.40462580947248455
2020-08-02,112078.71428571429,698.1428571428571,721.1428571428571,11.428571428571429,9.0,64.42857142857143,0.6229040559504735,16501.428571428572,0.05454073240412085,0.3904423859406112
2020-08-03,118037.42857142857,732.4285714285714,740.1428571428571,11.142857142857142,9.571428571428571,63.285714285714285,0.6205053602852365,16833.85714285714,0.05685820243217325,0.3759430399619814
2020-08-04,119024.42857142857,742.4285714285714,760.4285714285714,10.571428571428571,9.571428571428571,61.714285714285715,0.623761508741903,17122.571428571428,0.05589948105257889,0.3604265046972251
2020-08-05,119836.14285714286,757.2857142857143,756.4285714285714,8.142857142857142,8.857142857142858,61.285714285714285,0.6319343198391136,17364.85714285714,0.05100613719005545,0.35292956216989985
2020-08-06,121217.42857142857,759.2857142857143,774.0,10.285714285714286,9.0,58.0,0.6263832876460481,17595.714285714283,0.05114881870585371,0.32962572054883504
2020-08-07,123019.28571428571,756.7142857142857,808.2857142857143,9.0,8.571428571428571,58.714285714285715,0.6151184192954646,17827.142857142855,0.048080775703181346,0.32935331356679226
2020-08-08,124735.0,750.5714285714286,828.8571428571429,7.714285714285714,8.857142857142858,62.714285714285715,0.6017328164279702,18020.0,0.049151736166164584,0.3480260028539718
2020-08-09,127978.28571428571,795.1428571428571,835.0,8.142857142857142,8.857142857142858,62.142857142857146,0.6213107580750307,18239.85714285714,0.04855927756326413,0.3406981570970951
2020-08-10,128597.85714285714,772.7142857142857,893.5714285714286,10.428571428571429,8.428571428571429,58.714285714285715,0.6008764864999971,18413.571428571428,0.04577369176461461,0.31886419178401026
2020-08-11,129070.0,832.4285714285714,934.7142857142857,9.571428571428571,8.428571428571429,59.42857142857143,0.6449434968843042,18675.57142857143,0.04513153164179332,0.3182155451353563
2020-08-12,131928.14285714287,849.7142857142857,956.2857142857143,10.0,8.857142857142858,58.142857142857146,0.6440735595242864,18969.14285714286,0.046692372575009036,0.30651283287143033
2020-08-13,130943.28571428571,883.0,962.2857142857143,10.428571428571429,8.571428571428571,59.285714285714285,0.6743377449124648,19298.857142857145,0.044414177005300086,0.30719805761999225
2020-08-14,131615.7142857143,952.7142857142857,987.1428571428571,11.142857142857142,8.428571428571429,58.57142857142857,0.7238605898123324,19676.142857142855,0.04283650250847655,0.2976773903131421
2020-08-15,134927.14285714287,989.1428571428571,988.2857142857143,11.142857142857142,8.428571428571429,52.857142857142854,0.7330940507575515,20091.285714285714,0.04195137906270665,0.26308491954578744
2020-08-16,136842.85714285713,984.0,984.1428571428571,10.857142857142858,7.857142857142857,50.857142857142854,0.7190729721265269,20493.14285714286,0.03834035077935476,0.24816663413545992
2020-08-17,137511.7142857143,974.7142857142857,953.7142857142857,8.857142857142858,8.0,50.285714285714285,0.7088227288688133,20880.285714285714,0.038313651975205594,0.24082866955843518
2020-08-18,138597.7142857143,966.1428571428571,912.8571428571429,8.857142857142858,7.571428571428571,49.285714285714285,0.6970842644281908,21255.0,0.03562187048425581,0.23187821352958965
2020-08-19,138722.14285714287,935.0,909.7142857142857,8.857142857142858,7.0,50.285714285714285,0.6740091961835323,21596.714285714283,0.032412337855626194,0.23283965153429428
2020-08-20,140580.7142857143,931.5714285714286,938.1428571428571,7.142857142857143,7.142857142857143,48.142857142857146,0.6626594787945919,21920.0,0.03258602711157456,0.2196298227320125
2020-08-21,142529.7142857143,877.8571428571429,932.7142857142857,6.0,7.285714285714286,47.285714285714285,0.6159116695466008,22182.0,0.03284516403261332,0.2131715547999021
2020-08-22,140928.7142857143,895.8571428571429,942.5714285714286,8.142857142857142,6.571428571428571,45.42857142857143,0.6356810586101788,22474.285714285717,0.02923976608187134,0.20213577421815407
2020-08-23,140058.57142857142,893.8571428571429,966.5714285714286,8.285714285714286,7.857142857142857,46.142857142857146,0.6382023847165982,22757.571428571428,0.034525401279323055,0.20275826569493358
2020-08-24,138798.2857142857,911.5714285714286,965.7142857142857,8.285714285714286,6.857142857142857,45.42857142857143,0.6567598611757247,23047.0,0.02975286526290995,0.19711273236677845
2020-08-25,138249.42857142858,924.4285714285714,985.1428571428571,9.0,7.428571428571429,46.0,0.6686671915977952,23328.14285714286,0.03184381831876887,0.19718672112776103
2020-08-26,137986.14285714287,948.4285714285714,994.7142857142857,8.714285714285714,8.714285714285714,45.142857142857146,0.6873360989664593,23607.428571428572,0.03691332026238713,0.19122310168712028
2020-08-27,138574.7142857143,993.4285714285714,1009.8571428571429,9.285714285714286,8.714285714285714,48.57142857142857,0.7168902180669943,23916.0,0.036437053496762475,0.20309177358851216
2020-08-28,136069.14285714287,1021.7142857142857,1064.5714285714287,10.285714285714286,8.857142857142858,47.857142857142854,0.7508787549187177,24234.85714285714,0.036547122208860916,0.1974723538704581
2020-08-29,134997.2857142857,997.5714285714286,1111.5714285714287,9.571428571428571,8.714285714285714,51.714285714285715,0.738956656271396,24527.857142857145,0.03552811671859984,0.21083898773988757
2020-08-30,134367.7142857143,1076.0,1152.0,9.142857142857142,7.714285714285714,50.857142857142854,0.8007876041651162,24905.714285714286,0.030973958930824826,0.2041986922106229
2020-08-31,136760.0,1131.857142857143,1170.4285714285713,9.0,8.0,52.42857142857143,0.8276229473948106,25305.14285714286,0.031614126998464456,0.20718543943636525
2020-09-01,135986.42857142858,1128.4285714285713,1294.5714285714287,7.0,6.714285714285714,52.142857142857146,0.8298096973962736,25691.14285714286,0.026134632280163255,0.20296044217573594
2020-09-02,135876.42857142858,1180.4285714285713,1505.7142857142858,6.142857142857143,6.285714285714286,56.0,0.8687515442077097,26114.285714285714,0.024070021881838075,0.21444201312910285
2020-09-03,135644.0,1202.857142857143,1697.0,6.285714285714286,6.0,56.0,0.8867750456025647,26557.857142857145,0.02259218418009198,0.21086038568085846
2020-09-04,139003.0,1283.2857142857142,1869.2857142857142,6.285714285714286,5.714285714285714,59.285714285714285,0.9232072072442424,27084.428571428572,0.021098047903117763,0.2188922469948468
2020-09-05,139537.0,1367.0,2033.142857142857,6.142857142857143,6.714285714285714,65.28571428571429,0.9796684750281287,27700.85714285714,0.024238548575082775,0.23568120635771975
2020-09-06,141490.57142857142,1522.5714285714287,2187.285714285714,6.285714285714286,7.0,72.0,1.0760939143850072,28428.285714285714,0.02462336304887486,0.2532688770741415
2020-09-07,144623.85714285713,1719.5714285714287,2502.0,6.285714285714286,7.857142857142857,76.57142857142857,1.1889956902980838,29375.14285714286,0.026747590285275208,0.26066742532559106
2020-09-08,149503.7142857143,1870.0,2655.285714285714,9.857142857142858,8.857142857142858,82.42857142857143,1.250805044499611,30412.714285714286,0.029123158077683675,0.27103326146489487
2020-09-09,153081.14285714287,2019.5714285714287,2688.714285714286,10.0,9.0,90.57142857142857,1.3192816508145073,31582.571428571428,0.028496729661024615,0.2867766127792001
2020-09-10,159218.14285714287,2172.5714285714284,2750.5714285714284,10.285714285714286,9.857142857142858,101.14285714285714,1.3645250406674758,32872.142857142855,0.029986310597336002,0.30768562178136066
2020-09-11,165103.7142857143,2383.1428571428573,2789.285714285714,9.857142857142858,10.428571428571429,110.85714285714286,1.44342171068229,34302.57142857143,0.030401719154748916,0.32317443923404326
2020-09-12,172138.7142857143,2601.8571428571427,2792.0,9.571428571428571,11.285714285714286,117.85714285714286,1.5114886582332685,35915.28571428571,0.03142315050893572,0.32815315404901224
2020-09-13,177915.57142857142,2639.1428571428573,2742.4285714285716,10.0,12.142857142857142,127.57142857142857,1.4833681144106075,37570.428571428565,0.03232025186982163,0.3395527637617732
2020-09-14,182021.0,2600.714285714286,2661.4285714285716,10.714285714285714,12.714285714285714,140.14285714285714,1.4287990318228587,39196.42857142857,0.0324373576309795,0.35753986332574034
2020-09-15,187077.85714285713,2680.0,2667.4285714285716,10.428571428571429,13.571428571428571,153.71428571428572,1.432558636778423,40910.28571428572,0.033173634293855545,0.37573505789672174
2020-09-16,191202.42857142858,2838.5714285714284,2795.0,11.714285714285714,15.428571428571429,160.42857142857142,1.4845896308848436,42813.857142857145,0.03603639676072833,0.3747117922434992
2020-09-17,192026.0,2868.5714285714284,2914.714285714286,12.428571428571429,17.142857142857142,168.42857142857142,1.4938453274928543,44750.857142857145,0.038307326914727886,0.37636948693720146
2020-09-18,193175.14285714287,2958.285714285714,3116.8571428571427,14.857142857142858,18.714285714285715,178.42857142857142,1.5314008161357642,46831.28571428572,0.03996107608161821,0.3810029314957339
2020-09-19,196752.57142857142,3048.285714285714,3399.1428571428573,16.714285714285715,18.714285714285715,187.14285714285714,1.5492990470990395,48983.71428571428,0.038205117735923895,0.38205117735923894
2020-09-20,197585.85714285713,3111.4285714285716,3815.714285714286,18.571428571428573,20.571428571428573,199.14285714285714,1.5747223087829454,51201.28571428572,0.040177562505405835,0.388941125920387
2020-09-21,195264.2857142857,3325.0,4073.1428571428573,18.857142857142858,21.571428571428573,213.85714285714286,1.7028203533672313,53614.71428571428,0.04023415746743298,0.3988777068128952
2020-09-22,194533.2857142857,3544.714285714286,4405.428571428572,20.428571428571427,24.285714285714285,224.42857142857142,1.8221633756397178,56235.0,0.043186119473129336,0.3990905511310952
2020-09-23,194308.0,3785.714285714286,4711.714285714285,22.714285714285715,28.571428571428573,243.14285714285714,1.9483059296139562,59072.28571428572,0.04836689189515993,0.4116022500278109
2020-09-24,195987.7142857143,4192.0,5047.714285714285,25.428571428571427,29.857142857142858,255.85714285714286,2.1389095817959434,62270.857142857145,0.04794721676730229,0.41087782406812634
2020-09-25,197591.42857142858,4470.857142857143,5300.142857142857,26.571428571428573,31.0,265.7142857142857,2.262677675434157,65720.0,0.04716981132075472,0.40431266846361186
2020-09-26,196137.57142857142,4613.857142857143,5509.285714285715,27.714285714285715,33.42857142857143,271.57142857142856,2.3523576381883564,69336.28571428571,0.04821223272085942,0.3916728820613408
2020-09-27,197023.2857142857,4831.142857142857,5709.0,27.428571428571427,35.57142857142857,272.14285714285717,2.4520669420510846,73091.42857142857,0.04866703150652803,0.37233210851379883
2020-09-28,198176.57142857142,4768.571428571428,6263.428571428572,28.0,38.857142857142854,276.85714285714283,2.4062235985801985,76728.14285714286,0.050642621351450486,0.3608286771290847
2020-09-29,196864.14285714287,4977.714285714285,6742.857142857143,32.57142857142857,40.142857142857146,282.85714285714283,2.528502252096986,80577.42857142858,0.04981898511103783,0.35103768868275764
2020-09-30,197545.0,5059.571428571428,7404.714285714285,36.714285714285715,39.57142857142857,284.85714285714283,2.561224748068252,84456.57142857142,0.04685417357356951,0.33728239027327656
2020-10-01,196506.85714285713,5053.428571428572,8120.428571428572,38.285714285714285,42.857142857142854,296.2857142857143,2.5716296341530795,88307.14285714287,0.04853190973064789,0.33551726927121245
2020-10-02,194689.14285714287,4921.142857142857,8911.142857142857,42.142857142857146,47.714285714285715,310.14285714285717,2.5276924973437507,91945.0,0.051894377850112264,0.3373134560257297
2020-10-03,198115.14285714287,5802.142857142857,9491.57142857143,43.42857142857143,50.57142857142857,330.2857142857143,2.928672070931334,96380.14285714286,0.05247079644443654,0.3426906253659245
2020-10-04,197090.2857142857,8160.571428571428,10035.142857142857,45.714285714285715,52.285714285714285,364.14285714285717,4.140524429702993,103018.14285714286,0.050753889398122656,0.35347449201042264
2020-10-05,201514.85714285713,9213.285714285714,10815.857142857143,46.57142857142857,54.0,387.57142857142856,4.572013123456335,110511.85714285714,0.04886353500529355,0.35070574198243754
2020-10-06,204789.7142857143,10212.857142857143,11613.0,45.857142857142854,56.57142857142857,418.14285714285717,4.986997114810453,118854.71428571429,0.04759712638359197,0.35181007304235784
2020-10-07,204132.85714285713,11051.714285714286,12280.57142857143,46.285714285714285,61.42857142857143,441.42857142857144,5.413981090746224,127886.85714285714,0.04803352963780485,0.3451711780949232
2020-10-08,207811.2857142857,12389.285714285714,12846.857142857143,49.42857142857143,64.14285714285714,462.14285714285717,5.961796382569625,138103.57142857142,0.046445473118001505,0.33463497892368566
2020-10-09,212024.57142857142,13242.857142857143,13051.57142857143,52.42857142857143,64.71428571428571,486.85714285714283,6.24590680864482,148963.2857142857,0.043443111102160356,0.3268302927950607
2020-10-10,211197.57142857142,13503.142857142857,13114.57142857143,54.57142857142857,69.71428571428571,505.2857142857143,6.39360706934536,159864.57142857142,0.043608339916286286,0.3160711030407881
2020-10-11,213540.14285714287,11942.285714285714,13089.714285714286,58.857142857142854,76.71428571428571,526.7142857142857,5.59252492505591,169167.71428571426,0.04534806540255064,0.31135627027784774
2020-10-12,207874.57142857142,12079.714285714286,13398.285714285714,62.285714285714285,82.0,554.1428571428571,5.811059141432815,178646.7142857143,0.04590064828668233,0.31018922422306755
2020-10-13,208578.14285714287,12317.142857142857,13561.142857142857,71.0,85.71428571428571,588.4285714285714,5.90528935027434,188283.85714285716,0.045523969508045214,0.3125220506727304
2020-10-14,214130.42857142858,12974.857142857143,13740.0,77.14285714285714,88.28571428571429,619.1428571428571,6.059324323693236,198420.14285714284,0.044494330572716914,0.3120362923983092
2020-10-15,215270.7142857143,13144.42857142857,13737.42857142857,83.0,95.28571428571429,659.0,6.105999422653867,208696.0,0.04565766199913476,0.3157703070494883
2020-10-16,218152.2857142857,13345.0,13958.57142857143,88.85714285714286,103.28571428571429,671.5714285714286,6.1172863517359435,219082.7142857143,0.047144620524928946,0.3065378438280649
2020-10-17,221047.0,13440.857142857143,14273.714285714286,99.42857142857143,113.28571428571429,710.1428571428571,6.080542664165152,229475.2857142857,0.04936728324930105,0.3094637642273335
2020-10-18,226815.42857142858,14058.142857142857,14587.42857142857,99.0,115.71428571428571,744.7142857142857,6.198054050240976,240422.0,0.04812965773277226,0.3097529700752367
2020-10-19,232381.85714285713,14732.142857142857,15430.142857142857,103.14285714285714,124.71428571428571,772.8571428571429,6.3396269563704575,251829.14285714287,0.04952337298985025,0.3068974202463802
2020-10-20,234203.2857142857,15232.714285714286,16272.57142857143,115.85714285714286,136.71428571428572,795.8571428571429,6.504056610161014,263517.14285714284,0.051880604135269064,0.30201342281879195
2020-10-21,234835.85714285713,16206.42857142857,16994.714285714286,121.0,149.85714285714286,837.4285714285714,6.901172916523455,275937.85714285716,0.054308294051714535,0.30348448020128754
2020-10-22,240134.14285714287,16380.0,17618.285714285714,128.0,158.57142857142858,865.2857142857143,6.821187443446787,288125.85714285716,0.05503547308938901,0.30031518964182813
2020-10-23,242154.7142857143,17085.714285714286,18126.714285714286,137.71428571428572,167.85714285714286,917.4285714285714,7.055701697203028,300740.71428571426,0.05581457211598981,0.3050563252160737
2020-10-24,243110.57142857142,17947.571428571428,18292.0,139.57142857142858,169.42857142857142,946.7142857142857,7.382472643253451,314074.4285714286,0.05394535690129864,0.3014299158388753
2020-10-25,244116.0,18202.285714285714,18479.85714285714,150.71428571428572,181.42857142857142,991.8571428571429,7.456408311739383,327445.5714285714,0.05540724543533734,0.30290748429728126
2020-10-26,242223.85714285713,18419.14285714286,18573.428571428572,153.28571428571428,190.42857142857142,1051.5714285714287,7.6041819639094195,341096.14285714284,0.055828415365085586,0.3082917970760653
2020-10-27,242295.7142857143,18678.428571428572,18453.714285714286,168.85714285714286,197.14285714285714,1089.4285714285713,7.70893889992748,354796.85714285716,0.055564995341398575,0.30705699599529385
2020-10-28,243088.14285714287,18435.14285714286,18272.571428571428,182.0,203.71428571428572,1124.0,7.58372771311053,368172.4285714286,0.05533121708888731,0.30529173636421136
2020-10-29,242886.57142857142,18776.0,18325.714285714286,189.71428571428572,212.85714285714286,1175.142857142857,7.730357380223338,381895.0,0.05573708554894483,0.30771360115813434
2020-10-30,237992.85714285713,19305.285714285714,18545.285714285714,195.14285714285714,226.0,1191.142857142857,8.111708034454816,396279.1428571429,0.05703050591321989,0.300581768839714
2020-10-31,237856.0,19238.428571428572,18665.14285714286,214.71428571428572,241.14285714285714,1226.857142857143,8.08826709077281,409715.4285714286,0.05885618171218491,0.299441284682609
2020-11-01,232154.42857142858,19826.285714285714,18692.85714285714,214.0,252.71428571428572,1240.2857142857142,8.540128153612034,421381.14285714284,0.059972851181895735,0.29433821026637574
2020-11-02,228517.2857142857,19537.285714285714,19430.714285714286,219.0,261.2857142857143,1247.7142857142858,8.54958768358255,431705.1428571429,0.06052411434259361,0.2890200189547363
2020-11-03,227851.7142857143,19208.85714285714,19687.571428571428,224.28571428571428,271.7142857142857,1255.7142857142858,8.430420285875147,440701.14285714284,0.061654999111804956,0.2849355637185939
2020-11-04,227901.0,19297.14285714286,19752.14285714286,246.0,277.42857142857144,1276.142857142857,8.467335754183992,448946.5714285714,0.06179545386565249,0.28425272367758686
2020-11-05,229118.85714285713,19496.714285714286,19879.0,257.85714285714283,284.85714285714283,1276.2857142857142,8.509432409379537,456054.0,0.06246127494926979,0.2798540774306802
2020-11-06,237137.85714285713,19417.714285714286,20044.0,268.85714285714283,292.42857142857144,1286.7142857142858,8.188365417343139,462228.85714285716,0.06326488857405824,0.27837169095580977
2020-11-07,241386.2857142857,19847.85714285714,20366.85714285714,276.0,300.2857142857143,1298.0,8.222446061558712,468573.5714285714,0.06408507278167935,0.27701092830368157
2020-11-08,244413.57142857142,19518.0,21022.714285714286,275.2857142857143,308.0,1327.7142857142858,7.985644940221347,476149.2857142857,0.0646855953039938,0.2788441200163814
2020-11-09,250754.57142857142,19971.714285714286,21044.85714285714,282.42857142857144,325.2857142857143,1359.142857142857,7.964646136632177,484041.28571428574,0.06720205980068406,0.280790688161488
2020-11-10,254985.2857142857,20156.285714285714,21352.285714285714,296.85714285714283,329.14285714285717,1408.5714285714287,7.904881906350898,491880.4285714286,0.06691521719999896,0.2863646013854122
2020-11-11,264256.71428571426,19885.85714285714,21917.285714285714,309.7142857142857,333.7142857142857,1455.5714285714287,7.525204116992297,498791.4285714286,0.06690457505857014,0.291819655510176
2020-11-12,269612.5714285714,21272.428571428572,22069.428571428572,334.2857142857143,340.7142857142857,1501.2857142857142,7.889998770722858,506919.4285714286,0.06721271005028694,0.29615864566811967
2020-11-13,273623.28571428574,21882.714285714286,22186.571428571428,331.0,344.2857142857143,1537.142857142857,7.997387440396415,515457.14285714284,0.06679230641317001,0.29820963361232744
2020-11-14,275880.28571428574,22228.85714285714,22102.85714285714,340.7142857142857,348.0,1547.0,8.057428636230414,524245.14285714284,0.06638115865096918,0.2950909552673831
2020-11-15,276194.28571428574,22758.14285714286,21568.85714285714,343.0,353.7142857142857,1544.0,8.239903587536723,532945.1428571428,0.06636973625803354,0.2897108681247279
2020-11-16,273262.71428571426,22813.428571428572,20945.85714285714,345.2857142857143,347.57142857142856,1545.2857142857142,8.348533253452068,541026.4285714286,0.06424296674178841,0.2856211143633067
2020-11-17,271768.28571428574,22660.14285714286,20355.0,353.57142857142856,354.0,1530.857142857143,8.338037971423134,548453.8571428572,0.06454508349055019,0.2791223223102243
2020-11-18,268213.14285714284,22262.85714285714,19436.428571428572,345.7142857142857,372.14285714285717,1510.857142857143,8.300434835408087,554510.2857142858,0.06711198452585705,0.27246692834758696
2020-11-19,267288.14285714284,20755.428571428572,18517.571428571428,338.14285714285717,378.85714285714283,1484.857142857143,7.765188664774292,558885.7142857143,0.06778794540156433,0.2656817136138234
2020-11-20,266501.85714285716,19799.0,17524.428571428572,360.42857142857144,383.14285714285717,1468.142857142857,7.4292165211392245,561599.0,0.06822356470414961,0.2614219144163108
2020-11-21,266666.5714285714,18844.285714285714,16750.428571428572,341.85714285714283,388.42857142857144,1449.142857142857,7.066609666646309,562495.7142857142,0.06905449438344928,0.2576273597005184
2020-11-22,261892.7142857143,18082.85714285714,16154.42857142857,374.2857142857143,392.7142857142857,1430.0,6.904681251701214,562376.2857142857,0.06983123145306372,0.25427814726997733
2020-11-23,258814.85714285713,17212.285714285714,15079.57142857143,374.7142857142857,398.2857142857143,1405.0,6.650424131094263,561169.4285714285,0.07097423594503927,0.2503700181203232
2020-11-24,261609.42857142858,16113.0,14182.42857142857,377.14285714285717,404.0,1374.4285714285713,6.159181680869955,558604.0,0.07232314841998984,0.24604703357451277
2020-11-25,259207.42857142858,15927.857142857143,13570.714285714286,403.0,402.14285714285717,1352.142857142857,6.144830505298569,556096.7142857142,0.07231527301134928,0.2431488664484621
2020-11-26,258159.14285714287,15120.142857142857,13111.285714285714,402.2857142857143,398.14285714285717,1311.2857142857142,5.85690775457442,552440.857142857,0.07206977036455876,0.23736218951427515
2020-11-27,250334.57142857142,14507.57142857143,12767.714285714286,404.42857142857144,394.14285714285717,1274.0,5.795272840575642,547643.1428571428,0.07197074633063973,0.23263324239820404
2020-11-28,244364.57142857142,13894.42857142857,12565.42857142857,423.14285714285717,391.7142857142857,1246.857142857143,5.685942315696921,542299.1428571428,0.07223214177520366,0.2299205446440473
2020-11-29,239542.42857142858,12949.57142857143,12403.285714285714,398.0,390.57142857142856,1230.0,5.405961484902466,535422.4285714286,0.07294640786967405,0.22972515426404302
2020-11-30,240593.85714285713,12598.142857142857,12236.42857142857,397.2857142857143,385.14285714285717,1205.857142857143,5.236269540191325,528483.2857142857,0.07287701759996196,0.22817318455537047
2020-12-01,239838.2857142857,12850.142857142857,12162.714285714286,396.7142857142857,377.42857142857144,1205.0,5.357836351636936,522124.5714285715,0.07228707325454899,0.23078783607196093
2020-12-02,240902.57142857142,12483.0,12093.857142857143,389.7142857142857,365.0,1183.142857142857,5.181762870348297,515310.4285714286,0.07083109127286104,0.22959808137840904
2020-12-03,242385.42857142858,12105.142857142857,12126.714285714286,377.85714285714283,369.85714285714283,1203.0,4.994171031026146,507918.85714285716,0.07281815543090121,0.23684885549772852
2020-12-04,249839.0,12084.42857142857,12214.285714285714,374.0,376.85714285714283,1230.5714285714287,4.83688638340234,500585.5714285714,0.07528326111790791,0.2458263878960041
2020-12-05,256347.7142857143,11990.57142857143,12353.857142857143,366.42857142857144,371.57142857142856,1247.857142857143,4.677463757374191,492728.28571428574,0.07541102050449132,0.25325461903373
2020-12-06,264057.5714285714,12596.285714285714,12638.0,367.42857142857144,364.42857142857144,1261.5714285714287,4.770280074204597,485806.5714285714,0.07501515888451782,0.25968595378642767
2020-12-07,264596.4285714286,12704.0,12980.142857142857,365.7142857142857,363.2857142857143,1297.2857142857142,4.801274177655999,478538.8571428571,0.07591561455525929,0.2710930773795948
2020-12-08,262923.85714285716,12538.42857142857,13433.0,366.7142857142857,366.7142857142857,1334.0,4.768843994486181,470921.0,0.07787172067380425,0.28327468938526845
2020-12-09,266870.85714285716,12486.57142857143,14013.57142857143,351.85714285714283,371.57142857142856,1375.142857142857,4.678881599232588,463521.71428571426,0.08016268000389565,0.2966728018906188
2020-12-10,268587.14285714284,13290.857142857143,14877.0,364.85714285714283,367.7142857142857,1401.857142857143,4.948433868231115,455540.14285714284,0.08072050103158543,0.30773515020316544
2020-12-11,269696.14285714284,13931.857142857143,15876.857142857143,354.7142857142857,365.85714285714283,1430.7142857142858,5.165760620550217,447589.28571428574,0.08173947735886694,0.3196489128266507
2020-12-12,272747.85714285716,14617.857142857143,16713.714285714286,368.42857142857144,370.85714285714283,1488.0,5.35947643951635,439978.28571428574,0.08428987404573211,0.33819850849782196
2020-12-13,279738.0,15027.857142857143,17747.571428571428,359.42857142857144,372.0,1526.5714285714287,5.372118604857811,432248.0,0.08606170531731784,0.3531702699772882
2020-12-14,288990.71428571426,15922.0,19471.85714285714,361.85714285714283,379.85714285714283,1566.5714285714287,5.509519584168547,425356.5714285714,0.08930322660383086,0.3682960447302029
2020-12-15,292501.5714285714,16785.571428571428,21243.14285714286,351.7142857142857,381.0,1595.4285714285713,5.738626068431378,419481.99999999994,0.09082630482356813,0.3803330229732316
2020-12-16,284450.4285714286,18281.571428571428,23035.0,364.0,379.14285714285717,1630.5714285714287,6.426979744901572,415500.7142857143,0.09124962824543881,0.39243528891990903
2020-12-17,283031.71428571426,18964.285714285714,24608.85714285714,366.7142857142857,386.7142857142857,1680.4285714285713,6.7004101509068645,413709.5714285714,0.09347482205425683,0.4061855677222841
2020-12-18,283809.85714285716,19900.428571428572,26314.285714285714,373.85714285714283,391.2857142857143,1712.142857142857,7.011887737715744,413811.0,0.0945566247116955,0.4137499624569808
2020-12-19,293590.5714285714,20658.571428571428,27128.85714285714,374.0,395.7142857142857,1744.2857142857142,7.036524139058573,415625.2857142857,0.09520938675187163,0.4196774773430875
2020-12-20,304902.71428571426,22800.14285714286,28672.714285714286,388.7142857142857,405.14285714285717,1800.7142857142858,7.477841878369635,420342.5714285714,0.09638396980965866,0.42839208020125086
2020-12-21,321870.85714285716,24351.571428571428,30543.714285714286,389.2857142857143,415.7142857142857,1853.4285714285713,7.565634131878979,427481.85714285716,0.09724723488682728,0.4335689434438821
2020-12-22,339302.4285714286,26606.428571428572,32229.85714285714,409.42857142857144,428.85714285714283,1921.0,7.841508439373723,437975.2857142857,0.09791811475337649,0.43860922354718646
2020-12-23,365590.4285714286,28151.428571428572,33319.28571428572,422.0,445.57142857142856,1947.2857142857142,7.700264112885106,450198.8571428571,0.09897213675734406,0.43253901767853703
2020-12-24,379601.85714285716,30031.428571428572,33194.0,426.2857142857143,451.0,1936.142857142857,7.911296535129099,465110.14285714284,0.09696627926226999,0.41627620615823413
2020-12-25,377179.71428571426,31046.85714285714,30456.571428571428,450.14285714285717,463.7142857142857,1976.142857142857,8.23131678798057,481649.4285714286,0.09627630766419915,0.4102865569682276
2020-12-26,354514.5714285714,32265.714285714286,32590.85714285714,412.14285714285717,484.57142857142856,2045.5714285714287,9.101378867360681,500020.71428571426,0.09691027086020722,0.40909733739602216
2020-12-27,349739.28571428574,31332.0,34515.42857142857,412.85714285714283,501.57142857142856,2130.714285714286,8.958673297456269,518403.14285714284,0.09675316121870954,0.41101492440246457
2020-12-28,343934.5714285714,32441.85714285714,34139.28571428572,430.57142857142856,512.7142857142857,2227.8571428571427,9.432566493128675,538246.8571428572,0.09525634546867501,0.41390992131066784
2020-12-29,329376.14285714284,34567.0,38640.57142857143,395.14285714285717,527.1428571428571,2325.4285714285716,10.494688443477344,559963.7142857143,0.09413875286817053,0.4152820106200759
2020-12-30,316821.5714285714,35896.57142857143,42225.42857142857,437.14285714285717,541.1428571428571,2451.285714285714,11.330216963040487,583377.2857142858,0.09276035772978083,0.4201887482273784
2020-12-31,320261.85714285716,37889.28571428572,44784.28571428572,487.42857142857144,559.1428571428571,2557.1428571428573,11.830720664741753,609161.4285714286,0.0917889463970376,0.41978082281731555
2021-01-01,327680.5714285714,40630.142857142855,46997.857142857145,493.57142857142856,564.4285714285714,2708.285714285714,12.399313966040099,637707.1428571428,0.08850905588100226,0.42469113677348536
2021-01-02,345204.5714285714,43193.142857142855,49483.57142857143,518.4285714285714,568.4285714285714,2829.285714285714,12.51233223198501,668909.7142857143,0.08497836991881032,0.4229697452229299
2021-01-03,354136.71428571426,46226.57142857143,50471.71428571428,539.2857142857143,571.8571428571429,2940.5714285714284,13.053312340633582,702540.0,0.0813985172171183,0.418562847463693
2021-01-04,367613.5714285714,48607.857142857145,54552.57142857143,546.1428571428571,591.1428571428571,3053.714285714286,13.222541527496848,738443.8571428572,0.0800525119716036,0.41353371094852553
2021-01-05,389712.0,49718.71428571428,,606.7142857142857,,3169.5714285714284,12.757809429967331,775624.1428571428,,0.4086478557637176
2021-01-06,410023.28571428574,51505.28571428572,,601.7142857142857,,3327.5714285714284,12.56155138227341,814642.8571428572,,0.4084699693117054
2021-01-07,423492.5714285714,51124.0,,628.0,,3515.1428571428573,12.071994516348408,852476.0,,0.4123450815205187
2021-01-08,,52697.0,,705.5714285714286,,,,891241.142857143,,
2021-01-09,,53412.57142857143,,780.1428571428571,,,,930035.8571428572,,
2021-01-10,,53903.71428571428,,795.2857142857143,,,,968911.7142857143,,
