,reportedTests,reportedCases,specimenCases,reportedDeaths,specimenDeaths,certificateDeaths,hospitalisations,inHospital,posTests,mortCases,mortality,hospitalisationRate
2020-02-27,,,1.0,,,,,,,,,
2020-02-28,,1.0,0.0,,,,,,,,,
2020-02-29,,0.0,0.0,,,,,,,,,
2020-03-01,,0.0,0.0,,,,,,,,,
2020-03-02,,0.0,0.0,,,,,,,,,
2020-03-03,,0.0,0.0,,,,,,,,,
2020-03-04,,0.0,1.0,,,,,,,,,
2020-03-05,,1.0,0.0,,,,,,,,,
2020-03-06,,0.0,0.0,,,,,,,,,
2020-03-07,,0.0,2.0,,,,,,,,,
2020-03-08,,0.0,1.0,,,,,,,,,
2020-03-09,,2.0,3.0,,,,,,,,,
2020-03-10,,2.0,12.0,,,,,,,,,
2020-03-11,,9.0,15.0,,,,,,,,,
2020-03-12,,10.0,25.0,,,,,,,,,
2020-03-13,,13.0,28.0,,,,,,,,,
2020-03-14,,22.0,19.0,,,,,,,,,
2020-03-15,,34.0,32.0,,,1.0,,,,,,
2020-03-16,,30.0,37.0,,3.0,3.0,,,,,,
2020-03-17,,12.0,37.0,,0.0,1.0,,,,,,
2020-03-18,,13.0,36.0,,0.0,2.0,,,,,,
2020-03-19,,21.0,60.0,,3.0,4.0,,,,,,
2020-03-20,,21.0,73.0,,2.0,4.0,,,,,,
2020-03-21,,89.0,75.0,2.0,7.0,9.0,,,,,,
2020-03-22,,67.0,76.0,9.0,5.0,4.0,,,,,,
2020-03-23,,71.0,133.0,4.0,4.0,7.0,32.0,110.0,,,,
2020-03-24,,60.0,141.0,1.0,9.0,11.0,63.0,150.0,,,,
2020-03-25,,150.0,190.0,5.0,10.0,12.0,178.0,188.0,,,,
2020-03-26,,113.0,177.0,6.0,11.0,12.0,107.0,203.0,,741.0,1.484480431848853,14.439946018893387
2020-03-27,,180.0,193.0,6.0,10.0,18.0,118.0,243.0,,920.0,1.0869565217391304,12.82608695652174
2020-03-28,,172.0,167.0,4.0,15.0,21.0,126.0,310.0,,1092.0,1.3736263736263736,11.538461538461538
2020-03-29,,148.0,159.0,10.0,18.0,23.0,133.0,329.0,,1240.0,1.4516129032258065,10.725806451612902
2020-03-30,,210.0,343.0,14.0,16.0,21.0,147.0,387.0,,1450.0,1.103448275862069,10.137931034482758
2020-03-31,855.0,112.0,277.0,7.0,15.0,21.0,158.0,439.0,13.099415204678364,1562.0,0.9603072983354672,10.115236875800255
2020-04-01,942.0,274.0,327.0,29.0,21.0,24.0,207.0,483.0,29.087048832271762,1836.0,1.1437908496732025,11.27450980392157
2020-04-02,1090.0,284.0,336.0,19.0,28.0,39.0,139.0,525.0,26.055045871559635,2119.0,1.321378008494573,6.559697970740916
2020-04-03,1110.0,345.0,330.0,24.0,29.0,41.0,110.0,568.0,31.08108108108108,2464.0,1.176948051948052,4.464285714285714
2020-04-04,1000.0,387.0,282.0,13.0,31.0,53.0,134.0,596.0,38.7,2851.0,1.0873377762188707,4.700105226236408
2020-04-05,910.0,344.0,223.0,12.0,30.0,54.0,134.0,664.0,37.8021978021978,3195.0,0.9389671361502347,4.194053208137715
2020-04-06,696.0,302.0,383.0,27.0,20.0,45.0,123.0,731.0,43.39080459770115,3495.0,0.5722460658082975,3.51931330472103
2020-04-07,794.0,291.0,386.0,19.0,32.0,53.0,196.0,738.0,36.649874055415616,3784.0,0.8456659619450317,5.179704016913319
2020-04-08,21.0,283.0,386.0,33.0,42.0,72.0,158.0,816.0,100.0,4058.0,1.0349926071956628,3.893543617545589
2020-04-09,1254.0,16.0,391.0,41.0,43.0,61.0,126.0,795.0,1.2759170653907497,4064.0,1.0580708661417324,3.100393700787402
2020-04-10,912.0,502.0,308.0,29.0,25.0,49.0,129.0,833.0,55.04385964912281,4553.0,0.5490885130683066,2.833296727432462
2020-04-11,1005.0,340.0,247.0,36.0,31.0,50.0,106.0,865.0,33.83084577114428,4871.0,0.6364196263600903,2.17614452884418
2020-04-12,770.0,367.0,247.0,18.0,37.0,73.0,168.0,910.0,47.66233766233766,5204.0,0.7109915449654112,3.2282859338970025
2020-04-13,678.0,313.0,273.0,15.0,43.0,57.0,130.0,897.0,46.16519174041298,5487.0,0.7836704938946601,2.369236376890833
2020-04-14,703.0,238.0,317.0,19.0,26.0,56.0,106.0,919.0,33.85490753911807,5713.0,0.4551023980395589,1.8554174689305096
2020-04-15,755.0,272.0,361.0,60.0,38.0,60.0,151.0,884.0,36.026490066225165,5972.0,0.6363027461486939,2.5284661754855993
2020-04-16,705.0,284.0,363.0,32.0,35.0,56.0,104.0,844.0,40.283687943262414,6235.0,0.5613472333600642,1.6680032076984763
2020-04-17,783.0,244.0,324.0,11.0,30.0,62.0,151.0,825.0,31.162196679438058,6458.0,0.4645401052957572,2.3381851966553113
2020-04-18,1056.0,292.0,247.0,28.0,32.0,53.0,129.0,818.0,27.65151515151515,6661.0,0.48040834709503083,1.936646149226843
2020-04-19,921.0,334.0,181.0,41.0,26.0,49.0,102.0,828.0,36.26492942453854,6928.0,0.37528868360277134,1.4722863741339491
2020-04-20,1033.0,276.0,281.0,9.0,25.0,47.0,114.0,853.0,26.718296224588578,7133.0,0.3504836674610963,1.5982055236225992
2020-04-21,964.0,304.0,259.0,25.0,30.0,54.0,117.0,838.0,31.535269709543567,7377.0,0.40666937779585194,1.5860105734038226
2020-04-22,816.0,274.0,253.0,15.0,23.0,49.0,127.0,773.0,33.57843137254902,7501.0,0.3066257832289028,1.6931075856552462
2020-04-23,1027.0,234.0,201.0,17.0,18.0,50.0,134.0,741.0,22.78481012658228,7622.0,0.23615848858567304,1.7580687483600106
2020-04-24,1301.0,243.0,213.0,110.0,31.0,43.0,135.0,743.0,18.677940046118373,7685.0,0.4033832140533507,1.756668835393624
2020-04-25,775.0,299.0,136.0,23.0,29.0,48.0,112.0,719.0,38.58064516129032,7812.0,0.37122375832053256,1.4336917562724014
2020-04-26,1250.0,178.0,121.0,14.0,16.0,36.0,97.0,710.0,14.24,7842.0,0.204029584289722,1.2369293547564397
2020-04-27,1191.0,203.0,172.0,8.0,16.0,35.0,95.0,734.0,17.044500419815282,7835.0,0.204211869814933,1.2125079770261646
2020-04-28,734.0,232.0,153.0,17.0,15.0,30.0,139.0,676.0,31.607629427792915,7955.0,0.18856065367693275,1.74732872407291
2020-04-29,1042.0,117.0,176.0,73.0,26.0,34.0,127.0,664.0,11.228406909788866,7798.0,0.3334188253398307,1.6286227237753268
2020-04-30,1090.0,183.0,200.0,22.0,16.0,39.0,132.0,643.0,16.788990825688074,7697.0,0.20787319734961673,1.714953878134338
2020-05-01,1438.0,160.0,176.0,17.0,29.0,35.0,107.0,529.0,11.126564673157164,7512.0,0.38604898828541,1.4243876464323748
2020-05-02,1198.0,183.0,179.0,44.0,14.0,35.0,142.0,521.0,15.275459098497496,7308.0,0.19157088122605362,1.9430760810071155
2020-05-03,1504.0,174.0,105.0,14.0,14.0,27.0,94.0,539.0,11.569148936170212,7138.0,0.1961333706920706,1.316895488932474
2020-05-04,892.0,195.0,139.0,14.0,23.0,38.0,121.0,538.0,21.8609865470852,7031.0,0.3271227421419428,1.7209500782250036
2020-05-05,743.0,145.0,175.0,26.0,17.0,31.0,136.0,501.0,19.515477792732167,6885.0,0.24691358024691357,1.9753086419753085
2020-05-06,933.0,95.0,171.0,21.0,23.0,37.0,103.0,478.0,10.182207931404074,6697.0,0.34343736001194564,1.5380020904882783
2020-05-07,1134.0,87.0,176.0,18.0,19.0,26.0,119.0,470.0,7.671957671957672,6768.0,0.28073286052009455,1.7582742316784872
2020-05-08,1096.0,152.0,115.0,28.0,13.0,19.0,127.0,416.0,13.86861313868613,6418.0,0.20255531318167652,1.9788095980056093
2020-05-09,2017.0,118.0,136.0,9.0,7.0,17.0,106.0,448.0,5.85027268220129,6196.0,0.11297611362169142,1.7107811491284701
2020-05-10,1314.0,223.0,107.0,12.0,10.0,19.0,114.0,461.0,16.971080669710805,6052.0,0.16523463317911435,1.8836748182419034
2020-05-11,1193.0,124.0,178.0,5.0,15.0,21.0,108.0,465.0,10.393964794635373,5863.0,0.2558417192563534,1.8420603786457446
2020-05-12,1087.0,105.0,150.0,16.0,11.0,19.0,92.0,425.0,9.659613615455381,5730.0,0.19197207678883071,1.6055846422338569
2020-05-13,1300.0,133.0,153.0,22.0,16.0,22.0,119.0,394.0,10.23076923076923,5591.0,0.28617420854945447,2.1284206760865674
2020-05-14,1421.0,128.0,132.0,10.0,12.0,27.0,105.0,364.0,9.00774102744546,5435.0,0.22079116835326587,1.9319227230910765
2020-05-15,1652.0,126.0,179.0,9.0,16.0,19.0,88.0,336.0,7.627118644067797,5317.0,0.3009215723152154,1.6550686477336845
2020-05-16,1743.0,183.0,166.0,18.0,13.0,27.0,117.0,378.0,10.499139414802066,5208.0,0.24961597542242703,2.2465437788018434
2020-05-17,1931.0,162.0,118.0,12.0,11.0,17.0,98.0,373.0,8.389435525634386,5036.0,0.21842732327243844,1.9459888800635423
2020-05-18,1914.0,101.0,168.0,4.0,10.0,19.0,77.0,356.0,5.276907001044933,4861.0,0.20571898786257972,1.5840362065418638
2020-05-19,1565.0,166.0,213.0,17.0,11.0,15.0,105.0,329.0,10.60702875399361,4723.0,0.23290281600677537,2.2231632437010376
2020-05-20,1843.0,110.0,166.0,14.0,7.0,13.0,95.0,324.0,5.968529571351058,4559.0,0.15354244351831542,2.0837903048914237
2020-05-21,1794.0,166.0,132.0,9.0,9.0,16.0,105.0,309.0,9.253065774804906,4491.0,0.2004008016032064,2.338009352037408
2020-05-22,2161.0,138.0,137.0,7.0,10.0,19.0,81.0,385.0,6.385932438685793,4386.0,0.22799817601459188,1.8467852257181943
2020-05-23,2426.0,185.0,122.0,6.0,7.0,10.0,121.0,383.0,7.625721352019786,4272.0,0.16385767790262173,2.832397003745318
2020-05-24,3079.0,140.0,82.0,7.0,12.0,21.0,78.0,393.0,4.546930821695356,4234.0,0.28341993386868214,1.8422295701464337
2020-05-25,3030.0,106.0,105.0,7.0,10.0,14.0,82.0,380.0,3.498349834983498,4137.0,0.241721053903795,1.982112642011119
2020-05-26,2206.0,141.0,102.0,8.0,10.0,16.0,96.0,436.0,6.391659111514053,4046.0,0.2471576866040534,2.3727137913989127
2020-05-27,1555.0,97.0,118.0,11.0,6.0,18.0,106.0,425.0,6.237942122186495,4026.0,0.14903129657228018,2.6328862394436165
2020-05-28,2743.0,72.0,102.0,14.0,16.0,20.0,120.0,438.0,2.6248632883703973,3915.0,0.4086845466155811,3.065134099616858
2020-05-29,2400.0,102.0,106.0,10.0,11.0,14.0,99.0,431.0,4.25,3857.0,0.2851957479906663,2.5667617319159968
2020-05-30,3106.0,86.0,70.0,14.0,10.0,17.0,93.0,423.0,2.7688345138441726,3760.0,0.26595744680851063,2.473404255319149
2020-05-31,2945.0,82.0,46.0,11.0,7.0,6.0,68.0,433.0,2.7843803056027165,3668.0,0.19083969465648853,1.8538713195201746
2020-06-01,2492.0,59.0,64.0,5.0,9.0,11.0,73.0,431.0,2.3675762439807384,3532.0,0.2548131370328426,2.066817667044168
2020-06-02,2400.0,67.0,73.0,7.0,5.0,8.0,106.0,427.0,2.7916666666666665,3454.0,0.1447596988998263,3.068905616676317
2020-06-03,2602.0,82.0,75.0,17.0,7.0,9.0,131.0,399.0,3.1514219830899313,3441.0,0.2034292356873002,3.807032839290904
2020-06-04,3006.0,35.0,60.0,8.0,12.0,12.0,97.0,395.0,1.1643379906852962,3389.0,0.35408675125405725,2.862201239303629
2020-06-05,3136.0,76.0,55.0,4.0,4.0,8.0,82.0,392.0,2.423469387755102,3313.0,0.12073649260488982,2.4750980984002413
2020-06-06,3869.0,42.0,53.0,10.0,9.0,10.0,92.0,404.0,1.085551822176273,3237.0,0.27803521779425394,2.842137781896818
2020-06-07,3263.0,40.0,34.0,5.0,8.0,13.0,76.0,383.0,1.225865767698437,3054.0,0.26195153896529144,2.4885396201702688
2020-06-08,3108.0,42.0,74.0,3.0,7.0,9.0,59.0,352.0,1.3513513513513513,2972.0,0.23553162853297444,1.9851951547779274
2020-06-09,3288.0,42.0,62.0,9.0,4.0,3.0,84.0,341.0,1.2773722627737227,2909.0,0.13750429700928155,2.8875902371949125
2020-06-10,3324.0,38.0,67.0,9.0,7.0,9.0,97.0,319.0,1.1432009626955475,2814.0,0.24875621890547264,3.447050461975835
2020-06-11,3681.0,63.0,66.0,6.0,5.0,5.0,104.0,315.0,1.7114914425427872,2749.0,0.18188432157148052,3.783193888686795
2020-06-12,3912.0,77.0,75.0,10.0,4.0,4.0,90.0,294.0,1.9683026584867074,2700.0,0.14814814814814814,3.3333333333333335
2020-06-13,3079.0,45.0,70.0,6.0,6.0,7.0,114.0,291.0,1.4615134784020787,2562.0,0.234192037470726,4.449648711943794
2020-06-14,3100.0,39.0,54.0,3.0,6.0,8.0,52.0,293.0,1.2580645161290323,2439.0,0.24600246002460024,2.132021320213202
2020-06-15,3012.0,62.0,66.0,4.0,6.0,5.0,68.0,306.0,2.058432934926959,2400.0,0.25,2.833333333333333
2020-06-16,1923.0,65.0,82.0,8.0,8.0,8.0,95.0,303.0,3.3801352054082163,2299.0,0.34797738147020446,4.132231404958678
2020-06-17,2271.0,53.0,64.0,10.0,1.0,3.0,91.0,288.0,2.3337736679876704,2242.0,0.04460303300624443,4.058876003568242
2020-06-18,2773.0,48.0,62.0,5.0,0.0,0.0,87.0,285.0,1.730977280923188,2124.0,0.0,4.096045197740112
2020-06-19,967.0,31.0,140.0,4.0,4.0,7.0,78.0,276.0,3.205791106514995,2017.0,0.19831432821021316,3.867129400099157
2020-06-20,3603.0,25.0,47.0,1.0,3.0,3.0,68.0,271.0,0.6938662225922843,1857.0,0.16155088852988692,3.66182014001077
2020-06-21,2722.0,100.0,76.0,1.0,5.0,4.0,68.0,280.0,3.673769287288758,1817.0,0.27517886626307103,3.7424325811777654
2020-06-22,3245.0,71.0,66.0,1.0,2.0,2.0,67.0,297.0,2.1879815100154083,1782.0,0.11223344556677892,3.7598204264870936
2020-06-23,2656.0,51.0,131.0,5.0,1.0,4.0,79.0,281.0,1.9201807228915662,1692.0,0.0591016548463357,4.66903073286052
2020-06-24,3095.0,47.0,37.0,8.0,6.0,2.0,101.0,270.0,1.518578352180937,1642.0,0.3654080389768575,6.151035322777101
2020-06-25,2878.0,125.0,60.0,6.0,9.0,8.0,64.0,265.0,4.343293954134816,1695.0,0.5309734513274336,3.775811209439528
2020-06-26,3246.0,65.0,19.0,2.0,2.0,4.0,88.0,254.0,2.002464571780653,1658.0,0.12062726176115801,5.307599517490953
2020-06-27,3543.0,46.0,140.0,5.0,6.0,6.0,74.0,232.0,1.2983347445667512,1618.0,0.3708281829419036,4.573547589616811
2020-06-28,3342.0,25.0,28.0,2.0,2.0,4.0,47.0,246.0,0.7480550568521843,1561.0,0.12812299807815503,3.0108904548366433
2020-06-29,3339.0,116.0,43.0,3.0,3.0,3.0,46.0,235.0,3.474094040131776,1618.0,0.1854140914709518,2.843016069221261
2020-06-30,2808.0,26.0,35.0,3.0,4.0,6.0,104.0,234.0,0.9259259259259258,1577.0,0.2536461636017755,6.594800253646163
2020-07-01,2239.0,32.0,27.0,6.0,4.0,4.0,66.0,218.0,1.4292094685127288,1527.0,0.26195153896529144,4.322200392927308
2020-07-02,2129.0,41.0,28.0,8.0,3.0,5.0,64.0,206.0,1.9257867543447629,1533.0,0.19569471624266144,4.174820613176777
2020-07-03,2949.0,26.0,19.0,2.0,0.0,0.0,65.0,198.0,0.8816547982366905,1483.0,0.0,4.3830074173971685
2020-07-04,3393.0,34.0,9.0,5.0,2.0,3.0,78.0,190.0,1.0020630710285883,1475.0,0.13559322033898305,5.288135593220339
2020-07-05,3054.0,15.0,12.0,1.0,2.0,5.0,63.0,187.0,0.4911591355599214,1450.0,0.13793103448275862,4.344827586206897
2020-07-06,3174.0,8.0,35.0,0.0,2.0,3.0,50.0,186.0,0.2520478890989288,1416.0,0.14124293785310735,3.531073446327684
2020-07-07,3625.0,2.0,29.0,3.0,1.0,2.0,64.0,181.0,0.05517241379310345,1376.0,0.07267441860465117,4.651162790697675
2020-07-08,2301.0,13.0,14.0,4.0,1.0,2.0,63.0,177.0,0.5649717514124294,1351.0,0.07401924500370095,4.66321243523316
2020-07-09,2632.0,16.0,22.0,2.0,1.0,4.0,75.0,172.0,0.60790273556231,1304.0,0.07668711656441718,5.751533742331288
2020-07-10,2224.0,10.0,29.0,0.0,0.0,1.0,68.0,133.0,0.44964028776978415,1237.0,0.0,5.497170573969281
2020-07-11,2879.0,7.0,12.0,1.0,1.0,1.0,76.0,127.0,0.24313997915943034,1199.0,0.08340283569641367,6.33861551292744
2020-07-12,2943.0,16.0,10.0,0.0,0.0,2.0,41.0,133.0,0.5436629289840299,1176.0,0.0,3.486394557823129
2020-07-13,4379.0,11.0,24.0,0.0,2.0,2.0,50.0,140.0,0.25119890385932864,1125.0,0.17777777777777778,4.444444444444445
2020-07-14,3966.0,21.0,23.0,2.0,1.0,1.0,63.0,136.0,0.529500756429652,1081.0,0.09250693802035154,5.827937095282146
2020-07-15,4319.0,18.0,18.0,2.0,0.0,0.0,48.0,131.0,0.4167631396156518,1046.0,0.0,4.588910133843212
2020-07-16,3409.0,18.0,25.0,0.0,1.0,2.0,48.0,136.0,0.5280140803754767,1016.0,0.09842519685039369,4.724409448818897
2020-07-17,2910.0,16.0,17.0,1.0,0.0,1.0,59.0,119.0,0.5498281786941581,1001.0,0.0,5.894105894105895
2020-07-18,2962.0,10.0,11.0,0.0,0.0,0.0,54.0,125.0,0.337609723160027,986.0,0.0,5.476673427991886
2020-07-19,6875.0,31.0,10.0,1.0,0.0,0.0,51.0,113.0,0.45090909090909087,917.0,0.0,5.561613958560523
2020-07-20,5313.0,15.0,43.0,0.0,0.0,0.0,43.0,130.0,0.282326369282891,861.0,0.0,4.994192799070848
2020-07-21,2444.0,22.0,61.0,0.0,1.0,1.0,46.0,118.0,0.900163666121113,832.0,0.1201923076923077,5.528846153846153
2020-07-22,4213.0,22.0,25.0,1.0,1.0,0.0,72.0,123.0,0.5221932114882507,807.0,0.12391573729863693,8.921933085501859
2020-07-23,6097.0,43.0,31.0,0.0,0.0,1.0,88.0,132.0,0.705264884369362,725.0,0.0,12.137931034482758
2020-07-24,5865.0,45.0,30.0,0.0,1.0,1.0,61.0,132.0,0.7672634271099744,705.0,0.14184397163120568,8.652482269503546
2020-07-25,6869.0,30.0,24.0,0.0,2.0,2.0,48.0,129.0,0.4367447954578541,689.0,0.29027576197387517,6.966618287373004
2020-07-26,7546.0,22.0,35.0,1.0,2.0,2.0,45.0,127.0,0.2915451895043732,686.0,0.2915451895043732,6.559766763848396
2020-07-27,5009.0,45.0,23.0,0.0,1.0,2.0,43.0,130.0,0.8983829107606308,615.0,0.16260162601626016,6.991869918699186
2020-07-28,3640.0,21.0,27.0,0.0,2.0,2.0,49.0,136.0,0.576923076923077,610.0,0.32786885245901637,8.032786885245901
2020-07-29,4822.0,32.0,27.0,5.0,4.0,5.0,64.0,137.0,0.6636250518457071,610.0,0.6557377049180327,10.491803278688524
2020-07-30,5491.0,9.0,30.0,0.0,2.0,3.0,53.0,132.0,0.16390457111637224,578.0,0.34602076124567477,9.16955017301038
2020-07-31,8246.0,26.0,16.0,6.0,4.0,5.0,54.0,116.0,0.3153043900072763,578.0,0.6920415224913495,9.342560553633218
2020-08-01,6817.0,21.0,16.0,2.0,2.0,4.0,73.0,124.0,0.3080533959219598,565.0,0.35398230088495575,12.920353982300886
2020-08-02,7214.0,37.0,14.0,3.0,2.0,2.0,35.0,116.0,0.5128915996673136,587.0,0.34071550255536626,5.9625212947189095
2020-08-03,4661.0,24.0,22.0,0.0,1.0,3.0,29.0,119.0,0.5149109633125939,603.0,0.16583747927031509,4.809286898839138
2020-08-04,4553.0,22.0,24.0,1.0,4.0,4.0,65.0,115.0,0.48319789150010983,623.0,0.6420545746388443,10.43338683788122
2020-08-05,4021.0,14.0,22.0,2.0,3.0,3.0,74.0,105.0,0.3481720964934096,624.0,0.4807692307692308,11.858974358974358
2020-08-06,5019.0,15.0,22.0,3.0,0.0,2.0,45.0,103.0,0.2988643156007173,623.0,0.0,7.223113964686998
2020-08-07,5516.0,17.0,15.0,7.0,5.0,5.0,53.0,96.0,0.30819434372733867,630.0,0.7936507936507936,8.412698412698413
2020-08-08,6586.0,19.0,5.0,1.0,2.0,2.0,55.0,88.0,0.2884907379289402,642.0,0.3115264797507788,8.566978193146417
2020-08-09,6809.0,26.0,8.0,0.0,0.0,0.0,51.0,82.0,0.38184755470700543,652.0,0.0,7.822085889570553
2020-08-10,7773.0,12.0,19.0,0.0,2.0,2.0,31.0,78.0,0.1543805480509456,653.0,0.3062787136294028,4.747320061255743
2020-08-11,6146.0,13.0,27.0,2.0,0.0,0.0,47.0,69.0,0.21151968760169215,645.0,0.0,7.286821705426356
2020-08-12,4272.0,8.0,24.0,5.0,1.0,2.0,45.0,69.0,0.18726591760299627,635.0,0.15748031496062992,7.086614173228346
2020-08-13,5455.0,15.0,17.0,0.0,1.0,2.0,63.0,68.0,0.27497708524289644,632.0,0.15822784810126583,9.968354430379748
2020-08-14,5733.0,18.0,17.0,0.0,1.0,2.0,39.0,70.0,0.3139717425431711,634.0,0.15772870662460567,6.151419558359621
2020-08-15,6762.0,27.0,10.0,1.0,0.0,0.0,52.0,69.0,0.39929015084294583,651.0,0.0,7.987711213517665
2020-08-16,7035.0,18.0,18.0,2.0,0.0,1.0,37.0,71.0,0.255863539445629,638.0,0.0,5.799373040752351
2020-08-17,5460.0,14.0,19.0,0.0,0.0,1.0,38.0,71.0,0.2564102564102564,637.0,0.0,5.965463108320251
2020-08-18,5979.0,24.0,38.0,0.0,2.0,2.0,63.0,61.0,0.4014049172102358,639.0,0.3129890453834116,9.859154929577464
2020-08-19,3962.0,21.0,35.0,0.0,0.0,1.0,45.0,60.0,0.5300353356890459,638.0,0.0,7.053291536050156
2020-08-20,4443.0,19.0,31.0,0.0,0.0,0.0,39.0,59.0,0.42763898266936756,614.0,0.0,6.351791530944626
2020-08-21,5021.0,34.0,22.0,0.0,0.0,1.0,54.0,55.0,0.6771559450308704,603.0,0.0,8.955223880597014
2020-08-22,5023.0,34.0,19.0,1.0,1.0,0.0,39.0,52.0,0.6768863229145928,607.0,0.16474464579901155,6.425041186161449
2020-08-23,4921.0,20.0,11.0,2.0,0.0,0.0,26.0,51.0,0.406421459053038,605.0,0.0,4.297520661157025
2020-08-24,5806.0,19.0,36.0,1.0,1.0,0.0,36.0,50.0,0.3272476748191526,579.0,0.17271157167530224,6.217616580310881
2020-08-25,4910.0,28.0,50.0,0.0,0.0,1.0,49.0,48.0,0.5702647657841141,586.0,0.0,8.361774744027302
2020-08-26,5194.0,34.0,44.0,1.0,0.0,0.0,69.0,48.0,0.6546014632268001,588.0,0.0,11.73469387755102
2020-08-27,4704.0,35.0,50.0,1.0,0.0,0.0,70.0,41.0,0.744047619047619,614.0,0.0,11.400651465798045
2020-08-28,5039.0,34.0,52.0,0.0,0.0,0.0,83.0,41.0,0.674737051002183,622.0,0.0,13.344051446945338
2020-08-29,6521.0,40.0,44.0,0.0,0.0,0.0,52.0,42.0,0.6134028523232633,641.0,0.0,8.11232449297972
2020-08-30,4423.0,56.0,46.0,0.0,0.0,1.0,33.0,47.0,1.266108975808275,660.0,0.0,5.0
2020-08-31,4733.0,39.0,44.0,0.0,2.0,1.0,29.0,42.0,0.8240016902598775,675.0,0.2962962962962963,4.296296296296296
2020-09-01,6776.0,51.0,57.0,1.0,0.0,1.0,69.0,43.0,0.7526564344746163,704.0,0.0,9.801136363636363
2020-09-02,5938.0,42.0,95.0,0.0,0.0,0.0,59.0,42.0,0.7073088582014146,732.0,0.0,8.060109289617486
2020-09-03,6831.0,50.0,125.0,0.0,1.0,0.0,70.0,38.0,0.7319572536963841,767.0,0.1303780964797914,9.126466753585397
2020-09-04,6549.0,51.0,149.0,0.0,0.0,0.0,69.0,35.0,0.7787448465414567,801.0,0.0,8.614232209737828
2020-09-05,6514.0,77.0,128.0,1.0,0.0,0.0,27.0,39.0,1.1820693890082898,859.0,0.0,3.143189755529686
2020-09-06,5881.0,98.0,131.0,0.0,0.0,0.0,42.0,36.0,1.6663832681516748,931.0,0.0,4.511278195488721
2020-09-07,7171.0,133.0,159.0,0.0,0.0,1.0,46.0,38.0,1.8546925115046717,1052.0,0.0,4.3726235741444865
2020-09-08,9607.0,150.0,143.0,0.0,0.0,0.0,65.0,35.0,1.5613615072343083,1189.0,0.0,5.466778805719091
2020-09-09,7799.0,165.0,158.0,0.0,0.0,1.0,56.0,37.0,2.1156558533145273,1346.0,0.0,4.160475482912332
2020-09-10,8751.0,102.0,186.0,0.0,0.0,0.0,49.0,48.0,1.1655810764484058,1433.0,0.0,3.4193998604326583
2020-09-11,10337.0,133.0,145.0,0.0,1.0,1.0,70.0,42.0,1.2866402244364903,1548.0,0.06459948320413438,4.521963824289406
2020-09-12,11224.0,164.0,140.0,0.0,0.0,0.0,55.0,42.0,1.4611546685673558,1685.0,0.0,3.2640949554896146
2020-09-13,9967.0,162.0,164.0,0.0,1.0,1.0,55.0,36.0,1.625363700210695,1829.0,0.054674685620557675,3.0071077091306724
2020-09-14,7902.0,183.0,191.0,0.0,0.0,0.0,59.0,45.0,2.3158694001518603,1998.0,0.0,2.952952952952953
2020-09-15,9831.0,110.0,164.0,0.0,2.0,2.0,53.0,53.0,1.1189095717627913,2084.0,0.09596928982725528,2.543186180422265
2020-09-16,9797.0,199.0,207.0,0.0,2.0,3.0,65.0,54.0,2.0312340512401756,2262.0,0.08841732979664013,2.8735632183908044
2020-09-17,10784.0,168.0,261.0,3.0,2.0,2.0,42.0,55.0,1.5578635014836795,2411.0,0.08295313148071339,1.7420157610949814
2020-09-18,9751.0,185.0,246.0,1.0,0.0,0.0,41.0,68.0,1.8972413085837352,2562.0,0.0,1.600312256049961
2020-09-19,8784.0,212.0,280.0,2.0,0.0,0.0,34.0,82.0,2.413479052823315,2740.0,0.0,1.2408759124087592
2020-09-20,9850.0,199.0,252.0,0.0,1.0,2.0,28.0,82.0,2.020304568527919,2919.0,0.0342583076396026,0.9592326139088728
2020-09-21,9780.0,234.0,313.0,0.0,1.0,2.0,59.0,99.0,2.392638036809816,3134.0,0.031908104658583285,1.8825781748564134
2020-09-22,9610.0,281.0,379.0,0.0,3.0,4.0,43.0,93.0,2.924037460978148,3387.0,0.08857395925597875,1.2695600826690288
2020-09-23,11030.0,389.0,378.0,2.0,3.0,3.0,70.0,111.0,3.526745240253853,3742.0,0.08017103153393908,1.870657402458578
2020-09-24,10854.0,348.0,316.0,1.0,0.0,0.0,94.0,115.0,3.2061912658927585,4055.0,0.0,2.318125770653514
2020-09-25,11258.0,320.0,385.0,3.0,1.0,2.0,67.0,145.0,2.842423165748801,4341.0,0.0230361667818475,1.5434231743837825
2020-09-26,11737.0,370.0,403.0,3.0,2.0,2.0,61.0,136.0,3.152423958422084,4671.0,0.04281738385784629,1.3059302076643118
2020-09-27,10886.0,362.0,317.0,0.0,3.0,4.0,56.0,172.0,3.3253720374793314,4977.0,0.06027727546714888,1.1251758087201125
2020-09-28,9806.0,286.0,426.0,0.0,3.0,4.0,71.0,188.0,2.916581684682847,5224.0,0.05742725880551302,1.3591117917304747
2020-09-29,7819.0,366.0,466.0,3.0,4.0,5.0,90.0,205.0,4.68090548663512,5539.0,0.07221520129987362,1.6248420292471564
2020-09-30,9137.0,388.0,601.0,1.0,4.0,3.0,61.0,211.0,4.246470395096859,5885.0,0.06796941376380629,1.0365335598980459
2020-10-01,9524.0,398.0,627.0,6.0,5.0,7.0,79.0,214.0,4.178916421671566,6233.0,0.08021819348628269,1.2674474570832666
2020-10-02,10988.0,462.0,601.0,3.0,2.0,2.0,94.0,218.0,4.204586821987623,6644.0,0.030102347983142687,1.4148103552077063
2020-10-03,8966.0,576.0,518.0,5.0,8.0,9.0,79.0,220.0,6.424269462413562,7143.0,0.11199776004479911,1.1059778804423912
2020-10-04,10665.0,432.0,614.0,0.0,3.0,5.0,92.0,230.0,4.050632911392405,7477.0,0.04012304400160492,1.2304400160492175
2020-10-05,10204.0,596.0,703.0,0.0,10.0,11.0,59.0,249.0,5.8408467267738144,7940.0,0.12594458438287154,0.743073047858942
2020-10-06,10518.0,425.0,771.0,10.0,4.0,7.0,80.0,261.0,4.040692146795969,8215.0,0.048691418137553254,0.9738283627510651
2020-10-07,9966.0,752.0,851.0,3.0,11.0,10.0,85.0,277.0,7.545655227774434,8802.0,0.1249715973642354,0.9656896159963645
2020-10-08,12539.0,638.0,827.0,1.0,6.0,6.0,76.0,284.0,5.088125049844485,9338.0,0.0642535874919683,0.8138787748982652
2020-10-09,9857.0,766.0,782.0,2.0,6.0,7.0,60.0,291.0,7.7711271177843155,9971.0,0.06017450606759602,0.6017450606759603
2020-10-10,9347.0,627.0,619.0,21.0,3.0,4.0,103.0,292.0,6.708034663528404,10434.0,0.02875215641173088,0.9871573701360936
2020-10-11,10971.0,467.0,626.0,2.0,4.0,4.0,79.0,327.0,4.25667669309999,10739.0,0.03724741596051774,0.7356364652202254
2020-10-12,11645.0,487.0,782.0,4.0,4.0,9.0,86.0,348.0,4.182052382996995,11043.0,0.03622204111201666,0.7787738839083582
2020-10-13,9726.0,764.0,952.0,5.0,8.0,6.0,98.0,345.0,7.855233395023648,11697.0,0.068393605197914,0.8378216636744463
2020-10-14,8808.0,946.0,904.0,10.0,7.0,8.0,123.0,384.0,10.740236148955496,12444.0,0.056252009000321436,0.9884281581485053
2020-10-15,9823.0,727.0,791.0,10.0,7.0,10.0,102.0,414.0,7.400997658556449,13003.0,0.053833730677535954,0.7844343613012382
2020-10-16,8849.0,979.0,952.0,5.0,6.0,11.0,105.0,442.0,11.063396994010622,13797.0,0.04348771472059143,0.76103500761035
2020-10-17,12431.0,674.0,708.0,5.0,4.0,4.0,112.0,437.0,5.4219290483468745,14259.0,0.02805245809664072,0.7854688267059401
2020-10-18,10914.0,950.0,716.0,3.0,11.0,13.0,88.0,482.0,8.704416345977643,15010.0,0.07328447701532312,0.586275816122585
2020-10-19,12455.0,626.0,1111.0,1.0,13.0,12.0,60.0,491.0,5.026093938177438,15402.0,0.08440462277626282,0.38955979742890534
2020-10-20,9464.0,1148.0,1237.0,10.0,4.0,9.0,77.0,492.0,12.1301775147929,16269.0,0.024586637162702072,0.47329276538201487
2020-10-21,10492.0,962.0,1266.0,14.0,13.0,14.0,92.0,524.0,9.168890583301563,16842.0,0.07718798242489017,0.546253414083838
2020-10-22,10719.0,1134.0,1056.0,7.0,28.0,29.0,107.0,550.0,10.579345088161208,17628.0,0.15883821193555708,0.6069888813251645
2020-10-23,14518.0,761.0,1197.0,13.0,11.0,16.0,123.0,571.0,5.241768838683014,18069.0,0.06087774641651447,0.6807238917482982
2020-10-24,11217.0,1324.0,1025.0,16.0,15.0,15.0,98.0,575.0,11.80351252563074,19023.0,0.07885191610156127,0.5151658518635336
2020-10-25,14686.0,1104.0,940.0,5.0,16.0,18.0,78.0,612.0,7.517363475418766,19765.0,0.08095117632178092,0.394636984568682
2020-10-26,9798.0,1158.0,1556.0,6.0,15.0,18.0,76.0,654.0,11.818738518064912,20637.0,0.07268498328245385,0.3682705819644328
2020-10-27,8854.0,1207.0,1478.0,7.0,23.0,26.0,114.0,685.0,13.632256607183194,21478.0,0.1070863208864885,0.5307756774373779
2020-10-28,10670.0,1414.0,1357.0,37.0,11.0,15.0,83.0,695.0,13.252108716026243,22504.0,0.04888019907571987,0.3688233202986136
2020-10-29,12665.0,1375.0,1583.0,21.0,21.0,22.0,86.0,739.0,10.856691669956573,23481.0,0.08943401047655551,0.36625356671351306
2020-10-30,11899.0,1737.0,1241.0,11.0,14.0,18.0,97.0,762.0,14.597865366837551,24756.0,0.056551947002746815,0.39182420423331715
2020-10-31,7280.0,1301.0,879.0,13.0,12.0,26.0,80.0,794.0,17.87087912087912,25481.0,0.04709391311173031,0.31395942074486877
2020-11-01,13842.0,819.0,948.0,16.0,28.0,26.0,76.0,809.0,5.9167750325097535,25868.0,0.10824184320395856,0.29379928869645894
2020-11-02,10212.0,1646.0,1410.0,3.0,17.0,23.0,75.0,866.0,16.11829220524873,26918.0,0.06315476632736458,0.27862396909131437
2020-11-03,8012.0,1119.0,1234.0,4.0,23.0,25.0,104.0,900.0,13.966550174737893,27612.0,0.08329711719542228,0.3766478342749529
2020-11-04,10962.0,1202.0,1094.0,44.0,22.0,23.0,129.0,914.0,10.96515234446269,28062.0,0.07839783336896872,0.45969638657258927
2020-11-05,13241.0,1272.0,1017.0,30.0,31.0,34.0,102.0,946.0,9.606525186919416,28696.0,0.10802899358795652,0.35545023696682465
2020-11-06,11252.0,1352.0,877.0,13.0,26.0,27.0,82.0,945.0,12.015641663704232,29282.0,0.08879174919745919,0.28003551669967897
2020-11-07,12106.0,958.0,605.0,32.0,15.0,19.0,112.0,953.0,7.9134313563522225,29613.0,0.050653429237159354,0.3782122716374565
2020-11-08,11894.0,744.0,696.0,19.0,29.0,32.0,75.0,992.0,6.255254750294266,29890.0,0.09702241552358648,0.2509200401472064
2020-11-09,7411.0,931.0,1011.0,8.0,29.0,35.0,64.0,1030.0,12.562407232492243,30334.0,0.09560229445506692,0.21098437396980285
2020-11-10,8297.0,444.0,963.0,22.0,28.0,28.0,104.0,1044.0,5.351331806677112,30014.0,0.09328979809422269,0.34650496434997
2020-11-11,8734.0,928.0,855.0,45.0,29.0,36.0,95.0,1054.0,10.62514311884589,29996.0,0.09667955727430323,0.31670889451926926
2020-11-12,9129.0,867.0,772.0,34.0,28.0,31.0,100.0,1066.0,9.497206703910614,30136.0,0.09291213166976374,0.33182904167772764
2020-11-13,12241.0,797.0,859.0,29.0,30.0,37.0,74.0,1060.0,6.510905971734335,29954.0,0.10015356880550177,0.2470454697202377
2020-11-14,15630.0,933.0,628.0,20.0,19.0,30.0,89.0,1080.0,5.969289827255278,30213.0,0.06288683679210935,0.2945751828683017
2020-11-15,12515.0,1333.0,628.0,16.0,25.0,28.0,69.0,1104.0,10.651218537754694,30596.0,0.08171002745456922,0.22551967577461107
2020-11-16,8392.0,892.0,993.0,2.0,23.0,26.0,71.0,1127.0,10.629170638703528,30862.0,0.07452530620180157,0.23005638001425702
2020-11-17,6918.0,705.0,1040.0,34.0,29.0,33.0,72.0,1143.0,10.190806591500435,30419.0,0.09533515237187284,0.23669417140602914
2020-11-18,11809.0,638.0,987.0,41.0,18.0,28.0,80.0,1121.0,5.402658988906766,30095.0,0.059810599767403216,0.2658248878551255
2020-11-19,13292.0,1048.0,920.0,23.0,26.0,33.0,67.0,1140.0,7.884441769485405,30009.0,0.08664067446432737,0.22326635342730514
2020-11-20,13846.0,1020.0,936.0,31.0,21.0,28.0,77.0,1100.0,7.366748519427993,30268.0,0.06938020351526364,0.2543940795559667
2020-11-21,14005.0,1016.0,680.0,28.0,28.0,40.0,84.0,1125.0,7.254551945733667,29960.0,0.09345794392523366,0.2803738317757009
2020-11-22,11916.0,808.0,717.0,11.0,27.0,36.0,62.0,1105.0,6.7807989258140315,29664.0,0.09101941747572816,0.20900755124056095
2020-11-23,7962.0,892.0,1031.0,9.0,25.0,32.0,71.0,1150.0,11.203215272544586,29398.0,0.08503979862575686,0.24151302809714945
2020-11-24,8917.0,595.0,1093.0,21.0,18.0,30.0,78.0,1114.0,6.6726477514859255,28786.0,0.06253039672062807,0.27096505245605507
2020-11-25,14564.0,907.0,1337.0,41.0,17.0,19.0,70.0,1128.0,6.227684702004944,28279.0,0.060115279889670775,0.24753350542805613
2020-11-26,12708.0,1251.0,1159.0,28.0,30.0,38.0,93.0,1134.0,9.844192634560907,28155.0,0.10655301012253596,0.3303143313798615
2020-11-27,16798.0,1105.0,1035.0,21.0,26.0,27.0,86.0,1129.0,6.578164067150852,27523.0,0.09446644624495876,0.312465937579479
2020-11-28,14400.0,1445.0,844.0,29.0,32.0,38.0,66.0,1106.0,10.034722222222223,27667.0,0.11566125709328803,0.23855134275490658
2020-11-29,12669.0,1004.0,966.0,16.0,26.0,35.0,73.0,1125.0,7.924855947588602,27852.0,0.09335056728421658,0.26209966968260806
2020-11-30,7372.0,802.0,1505.0,3.0,17.0,24.0,62.0,1151.0,10.879001627780791,27008.0,0.06294431279620853,0.22956161137440756
2020-12-01,11047.0,667.0,1611.0,23.0,19.0,26.0,102.0,1171.0,6.037838327147642,26556.0,0.07154691971682482,0.3840939900587438
2020-12-02,14212.0,1480.0,1644.0,51.0,22.0,28.0,84.0,1180.0,10.413734871939207,26834.0,0.08198554073190728,0.3130357009763733
2020-12-03,15217.0,1473.0,1806.0,24.0,27.0,42.0,50.0,1187.0,9.67996319905369,27035.0,0.0998705381912336,0.184945441094877
2020-12-04,17339.0,1471.0,1698.0,33.0,26.0,34.0,58.0,1175.0,8.48376492300594,27154.0,0.09575016572144067,0.21359652353244457
2020-12-05,19577.0,1645.0,1533.0,24.0,20.0,27.0,81.0,1167.0,8.402717474587526,27841.0,0.07183650012571387,0.29093782550914116
2020-12-06,16662.0,1916.0,1697.0,14.0,25.0,29.0,62.0,1199.0,11.49921978153883,29013.0,0.08616826939647744,0.21369730810326407
2020-12-07,9260.0,2021.0,2511.0,2.0,20.0,34.0,63.0,1208.0,21.825053995680346,30103.0,0.06643856094077003,0.20928146696342556
2020-12-08,13172.0,780.0,2602.0,31.0,25.0,31.0,98.0,1231.0,5.921651989067719,30439.0,0.08213147606688788,0.3219553861822005
2020-12-09,13888.0,2238.0,2692.0,31.0,25.0,29.0,76.0,1280.0,16.11463133640553,31749.0,0.07874263756338783,0.23937761819269898
2020-12-10,17313.0,1968.0,2664.0,33.0,33.0,41.0,105.0,1328.0,11.367180731242419,32850.0,0.1004566210045662,0.31963470319634707
2020-12-11,19838.0,2234.0,2812.0,29.0,26.0,30.0,117.0,1385.0,11.261215848371812,34287.0,0.07583048968996996,0.3412372036048648
2020-12-12,0.0,2494.0,2285.0,31.0,33.0,43.0,102.0,1370.0,100.0,35848.0,0.09205534478910957,0.28453470207542964
2020-12-13,9303.0,0.0,2733.0,0.0,22.0,32.0,64.0,1425.0,0.0,34515.0,0.06374040272345358,0.1854266261045922
2020-12-14,6726.0,1228.0,3539.0,33.0,30.0,35.0,67.0,1529.0,18.257508177222718,34851.0,0.08608074373762589,0.1922469943473645
2020-12-15,6193.0,615.0,3181.0,9.0,33.0,51.0,88.0,1525.0,9.930566768932666,34761.0,0.09493397773366705,0.25315727395644544
2020-12-16,65065.0,530.0,3141.0,30.0,34.0,50.0,131.0,1513.0,0.8145700453392761,34653.0,0.09811560326667243,0.3780336478804144
2020-12-17,19607.0,11468.0,2776.0,52.0,48.0,50.0,128.0,1573.0,58.48931504054674,45073.0,0.10649390987952877,0.2839837596787434
2020-12-18,19645.0,2801.0,2537.0,38.0,48.0,66.0,119.0,1585.0,14.258080936625095,46854.0,0.10244589576130106,0.25398044990822555
2020-12-19,17201.0,3065.0,2170.0,35.0,34.0,44.0,107.0,1605.0,17.818731469100634,48903.0,0.06952538699057317,0.2188004825879803
2020-12-20,18623.0,2334.0,2208.0,69.0,35.0,43.0,90.0,1652.0,12.532889437791978,50429.0,0.06940450931011918,0.17846873822602075
2020-12-21,20479.0,2563.0,2744.0,10.0,37.0,43.0,92.0,1683.0,12.515259534156941,52100.0,0.0710172744721689,0.1765834932821497
2020-12-22,19099.0,2761.0,2705.0,24.0,35.0,45.0,124.0,1727.0,14.456254254149432,54266.0,0.06449710684406443,0.22850403567611396
2020-12-23,15621.0,3013.0,2443.0,51.0,34.0,51.0,143.0,1720.0,19.288137763267397,56372.0,0.060313630880579006,0.25367203576243524
2020-12-24,17242.0,2161.0,1473.0,63.0,45.0,54.0,146.0,1712.0,12.53334879944322,57282.0,0.07855870954226458,0.25487936873712513
2020-12-25,0.0,0.0,643.0,0.0,33.0,45.0,106.0,1597.0,,56177.0,0.05874290189935383,0.18868932125246987
2020-12-26,36994.0,2237.0,1893.0,35.0,43.0,49.0,73.0,1716.0,6.046926528626264,56969.0,0.07547964682546648,0.1281398655409082
2020-12-27,15078.0,4142.0,2496.0,70.0,29.0,48.0,97.0,1782.0,27.470486801963123,60107.0,0.04824729232868052,0.16137887434075898
2020-12-28,11349.0,2273.0,2356.0,15.0,49.0,61.0,125.0,1843.0,20.02819631685611,61578.0,0.07957387378609243,0.20299457598492968
2020-12-29,10790.0,2510.0,3563.0,33.0,41.0,54.0,136.0,1892.0,23.262279888785915,63421.0,0.06464735655382287,0.21444001198341242
2020-12-30,11194.0,2281.0,2699.0,13.0,50.0,55.0,164.0,1901.0,20.376987671967125,64222.0,0.0778549406745352,0.25536420541247545
2020-12-31,14816.0,1831.0,2010.0,65.0,51.0,63.0,141.0,1880.0,12.358261339092873,64580.0,0.07897181790027873,0.2183338494890059
2021-01-01,0.0,0.0,1211.0,0.0,58.0,64.0,154.0,1838.0,,63109.0,0.09190448272037269,0.2440222472230585
2021-01-02,35742.0,2764.0,2087.0,70.0,34.0,40.0,85.0,1937.0,7.733199037546863,64228.0,0.052936414025035815,0.1323410350625895
2021-01-03,12974.0,4011.0,1809.0,56.0,53.0,59.0,86.0,1937.0,30.91567750886388,66323.0,0.07991194608205297,0.12966844081238788
2021-01-04,12656.0,1898.0,2658.0,25.0,37.0,50.0,86.0,1966.0,14.996839443742099,66200.0,0.055891238670694864,0.1299093655589124
2021-01-05,12493.0,2069.0,2383.0,17.0,40.0,54.0,146.0,1964.0,16.561274313615627,67489.0,0.059268917897731484,0.2163315503267199
2021-01-06,12755.0,2238.0,1990.0,76.0,48.0,64.0,144.0,1914.0,17.546060368482948,67489.0,0.07112270147727778,0.21336810443183335
2021-01-07,18712.0,1718.0,1663.0,63.0,41.0,59.0,159.0,1940.0,9.181274048738777,67239.0,0.06097651660494654,0.2364699058582073
2021-01-08,19332.0,2487.0,1596.0,56.0,45.0,65.0,142.0,1936.0,12.864680322780881,67492.0,0.06667456883778818,0.2103953061103538
2021-01-09,18110.0,2373.0,1142.0,62.0,34.0,54.0,140.0,1975.0,13.103257868580895,67371.0,0.05046681806712087,0.20780454498226242
2021-01-10,16721.0,1660.0,1178.0,45.0,40.0,63.0,95.0,1983.0,9.927635906943365,69031.0,0.05794498124031232,0.1376193304457418
2021-01-11,10980.0,1793.0,1735.0,17.0,54.0,83.0,84.0,1970.0,16.32969034608379,69596.0,0.07759066613023737,0.12069659175814702
2021-01-12,11176.0,1332.0,1601.0,16.0,48.0,63.0,147.0,2009.0,11.918396564065855,70313.0,0.06826618121826689,0.20906517998094237
2021-01-13,15511.0,1533.0,1463.0,66.0,43.0,67.0,129.0,1949.0,9.883308619689252,71316.0,0.06029502495933591,0.18088507487800773
2021-01-14,18970.0,1644.0,1311.0,54.0,54.0,74.0,122.0,1881.0,8.666315234580917,61492.0,0.08781630130748716,0.19839979184284134
2021-01-15,15396.0,1808.0,1212.0,54.0,42.0,65.0,124.0,1872.0,11.74330995063653,60499.0,0.06942263508487743,0.20496206548868576
2021-01-16,15126.0,1129.0,1005.0,55.0,40.0,73.0,110.0,1860.0,7.463969324342193,58563.0,0.06830251182487236,0.18783190751839898
2021-01-17,13652.0,1172.0,825.0,48.0,26.0,45.0,93.0,1853.0,8.58482273659537,57401.0,0.04529537812930088,0.16201808330865317
2021-01-18,10531.0,1332.0,1397.0,20.0,43.0,61.0,102.0,1931.0,12.648371474693763,56170.0,0.07655332027772832,0.1815915969378672
2021-01-19,10259.0,1106.0,1081.0,8.0,26.0,53.0,126.0,1840.0,10.780777853591967,54515.0,0.047693295423278,0.23112904705127027
2021-01-20,13057.0,1283.0,971.0,44.0,38.0,53.0,110.0,1867.0,9.826146894386154,52785.0,0.07199014871649143,0.20839253575826466
2021-01-21,14968.0,1153.0,909.0,46.0,34.0,55.0,116.0,1832.0,7.703099946552645,51777.0,0.06566622245398536,0.2240377001371265
2021-01-22,15780.0,801.0,772.0,67.0,39.0,53.0,133.0,1823.0,5.076045627376426,52578.0,0.07417551066986192,0.25295751074593936
2021-01-23,13224.0,1079.0,541.0,27.0,33.0,55.0,135.0,1784.0,8.159407138535995,51420.0,0.06417736289381563,0.26254375729288215
2021-01-24,12919.0,796.0,396.0,44.0,34.0,62.0,110.0,1816.0,6.161467605851846,48074.0,0.07072430003744228,0.22881391188584269
2021-01-25,7201.0,872.0,846.0,23.0,27.0,36.0,75.0,1832.0,12.109429245938063,46673.0,0.057849291881816034,0.160692477449489
2021-01-26,6451.0,570.0,731.0,8.0,37.0,55.0,120.0,1809.0,8.835839404743451,44733.0,0.0827129859387924,0.2682583327744618
2021-01-27,12007.0,537.0,704.0,49.0,22.0,37.0,112.0,1745.0,4.47239110518864,42989.0,0.051175882202423875,0.2605317639396124
2021-01-28,13228.0,705.0,658.0,56.0,29.0,44.0,132.0,1722.0,5.329603870577563,41863.0,0.06927358287748131,0.3153142393043977
2021-01-29,15565.0,546.0,598.0,29.0,42.0,61.0,97.0,1686.0,3.50787022165114,42409.0,0.09903558206984366,0.22872503478035322
2021-01-30,11232.0,737.0,486.0,25.0,22.0,38.0,103.0,1643.0,6.561609686609686,40382.0,0.05447971868654351,0.25506413748699913
2021-01-31,12269.0,605.0,460.0,34.0,22.0,27.0,77.0,1678.0,4.931127231233189,36976.0,0.059498052790999574,0.20824318476849848
2021-02-01,6900.0,630.0,612.0,21.0,29.0,38.0,80.0,1638.0,9.130434782608695,35708.0,0.08121429371569396,0.2240394309398454
2021-02-02,6667.0,614.0,599.0,7.0,33.0,39.0,99.0,1638.0,9.20953952302385,34253.0,0.09634192625463463,0.2890257787639039
2021-02-03,11543.0,455.0,583.0,50.0,27.0,42.0,108.0,1598.0,3.9417828987265007,32470.0,0.08315368032029566,0.33261472128118263
2021-02-04,7996.0,544.0,501.0,35.0,22.0,34.0,93.0,1544.0,6.803401700850426,31296.0,0.07029652351738241,0.2971625766871166
2021-02-05,19318.0,399.0,501.0,45.0,23.0,33.0,93.0,1507.0,2.0654312040583913,29208.0,0.07874554916461243,0.3184059161873459
2021-02-06,13207.0,675.0,359.0,49.0,27.0,33.0,88.0,1470.0,5.1109260240781405,27510.0,0.09814612868047984,0.3198836786623046
2021-02-07,11013.0,461.0,284.0,28.0,18.0,28.0,57.0,1424.0,4.18596204485608,26311.0,0.06841245106609403,0.21663942837596442
2021-02-08,6446.0,610.0,492.0,12.0,17.0,21.0,65.0,1413.0,9.463233012721068,25128.0,0.06765361349888571,0.2586755810251512
2021-02-09,5728.0,351.0,464.0,10.0,18.0,29.0,87.0,1392.0,6.1277932960893855,24147.0,0.07454342154304883,0.360293204124736
2021-02-10,10711.0,323.0,450.0,21.0,20.0,29.0,85.0,1366.0,3.015591448044067,22937.0,0.0871953612067838,0.3705802851288311
2021-02-11,14490.0,410.0,377.0,27.0,16.0,26.0,106.0,1371.0,2.8295376121463076,21703.0,0.07372252683960742,0.4884117403123992
2021-02-12,12932.0,608.0,407.0,25.0,25.0,30.0,76.0,1317.0,4.701515620167028,20503.0,0.1219333756035702,0.3706774618348534
2021-02-13,11275.0,400.0,282.0,22.0,19.0,31.0,99.0,1302.0,3.5476718403547673,19774.0,0.0960857691918681,0.5006574289471022
2021-02-14,8660.0,394.0,289.0,15.0,21.0,31.0,91.0,1294.0,4.549653579676674,18996.0,0.11054958938723942,0.47904822067803743
2021-02-15,5363.0,363.0,453.0,16.0,18.0,16.0,63.0,1312.0,6.768599664366959,18027.0,0.0998502246630055,0.3494757863205192
2021-02-16,6610.0,275.0,442.0,8.0,12.0,16.0,63.0,1246.0,4.16036308623298,17196.0,0.06978367062107467,0.366364270760642
2021-02-17,9453.0,374.0,373.0,30.0,13.0,18.0,86.0,1199.0,3.956415952607638,16287.0,0.07981825996193283,0.5280284889789403
2021-02-18,15667.0,290.0,343.0,14.0,11.0,19.0,78.0,1165.0,1.8510244462883767,15424.0,0.07131742738589211,0.5057053941908713
2021-02-19,12731.0,533.0,310.0,16.0,18.0,26.0,90.0,1171.0,4.186631058047286,15156.0,0.11876484560570072,0.5938242280285035
2021-02-20,11070.0,363.0,267.0,16.0,15.0,21.0,83.0,1122.0,3.2791327913279136,14440.0,0.10387811634349031,0.5747922437673131
2021-02-21,9822.0,336.0,273.0,16.0,15.0,21.0,65.0,1137.0,3.4208918753817956,13980.0,0.1072961373390558,0.46494992846924177
2021-02-22,6300.0,319.0,336.0,9.0,13.0,15.0,45.0,1149.0,5.063492063492063,13427.0,0.09681984061964698,0.33514560214493183
2021-02-23,5782.0,317.0,288.0,4.0,14.0,18.0,53.0,1116.0,5.482531995849187,13174.0,0.10626992561105207,0.40230757552755425
2021-02-24,10887.0,236.0,264.0,13.0,12.0,17.0,70.0,1119.0,2.167722972352347,12873.0,0.0932183640177115,0.5437737901033171
2021-02-25,13878.0,312.0,225.0,21.0,14.0,17.0,69.0,1057.0,2.248162559446606,12480.0,0.11217948717948717,0.5528846153846154
2021-02-26,11909.0,308.0,202.0,16.0,13.0,16.0,66.0,1023.0,2.586279284574691,12242.0,0.10619179872569842,0.5391275935304689
2021-02-27,10226.0,198.0,139.0,16.0,12.0,13.0,55.0,935.0,1.9362409544298846,11703.0,0.10253781081773904,0.4699649662479706
2021-02-28,8600.0,247.0,207.0,24.0,3.0,7.0,47.0,946.0,2.8720930232558137,11345.0,0.02644336712208021,0.41427941824592335
2021-03-01,5119.0,193.0,244.0,3.0,10.0,14.0,30.0,971.0,3.770267630396562,10908.0,0.09167583425009168,0.27502750275027504
2021-03-02,6748.0,170.0,237.0,1.0,13.0,11.0,73.0,924.0,2.5192649673977474,10464.0,0.1242354740061162,0.6976299694189603
2021-03-03,11728.0,208.0,209.0,12.0,6.0,11.0,52.0,891.0,1.7735334242837655,10217.0,0.058725653322893215,0.5089556621317411
2021-03-04,12362.0,267.0,199.0,13.0,8.0,11.0,50.0,846.0,2.159844685325999,9940.0,0.08048289738430583,0.5030181086519114
2021-03-05,12049.0,230.0,131.0,12.0,4.0,6.0,61.0,793.0,1.9088721055689268,9771.0,0.04093746801760311,0.6242963872684475
2021-03-06,11013.0,195.0,169.0,7.0,8.0,13.0,61.0,793.0,1.7706347044402069,9291.0,0.08610483263373157,0.6565493488322033
2021-03-07,8866.0,152.0,146.0,18.0,6.0,8.0,39.0,758.0,1.714414617640424,8982.0,0.06680026720106881,0.43420173680694724
2021-03-08,5590.0,164.0,258.0,0.0,6.0,8.0,26.0,712.0,2.933810375670841,8536.0,0.07029053420805999,0.3045923149015933
2021-03-09,7635.0,166.0,165.0,3.0,4.0,4.0,40.0,700.0,2.174197773411919,8351.0,0.047898455274817384,0.47898455274817386
2021-03-10,12311.0,225.0,202.0,6.0,7.0,13.0,30.0,658.0,1.8276338234099587,8253.0,0.08481764206955046,0.3635041802980734
2021-03-11,14029.0,195.0,228.0,12.0,3.0,4.0,48.0,634.0,1.3899779029153896,8038.0,0.03732271709380443,0.5971634735008708
2021-03-12,12289.0,190.0,206.0,12.0,4.0,7.0,39.0,611.0,1.5460981365448776,7620.0,0.05249343832020997,0.5118110236220472
2021-03-13,11099.0,210.0,190.0,6.0,4.0,6.0,36.0,614.0,1.8920623479592755,7430.0,0.053835800807537006,0.48452220726783307
2021-03-14,10140.0,217.0,158.0,10.0,8.0,7.0,40.0,599.0,2.1400394477317555,7253.0,0.11029918654349924,0.5514959327174962
2021-03-15,5347.0,248.0,196.0,2.0,4.0,7.0,23.0,576.0,4.638114830746213,7138.0,0.05603810591202018,0.322219108994116
2021-03-16,6915.0,142.0,183.0,1.0,3.0,4.0,39.0,540.0,2.05350686912509,7005.0,0.042826552462526764,0.556745182012848
2021-03-17,15379.0,145.0,183.0,8.0,5.0,9.0,55.0,557.0,0.9428441381104102,6776.0,0.07378984651711924,0.8116883116883116
2021-03-18,14639.0,297.0,219.0,4.0,2.0,4.0,59.0,459.0,2.0288271056766174,6783.0,0.02948547840188707,0.8698216128556686
2021-03-19,12920.0,201.0,177.0,9.0,7.0,8.0,57.0,445.0,1.5557275541795665,6451.0,0.10851030847930554,0.8835839404743451
2021-03-20,12157.0,208.0,152.0,6.0,0.0,2.0,51.0,415.0,1.7109484247758493,6296.0,0.0,0.8100381194409149
2021-03-21,9993.0,196.0,139.0,6.0,3.0,5.0,43.0,415.0,1.961372961072751,6156.0,0.04873294346978557,0.6985055230669266
2021-03-22,5211.0,150.0,198.0,0.0,3.0,5.0,30.0,394.0,2.8785261945883707,5987.0,0.05010856856522465,0.5010856856522465
2021-03-23,8700.0,127.0,163.0,0.0,1.0,2.0,37.0,382.0,1.4597701149425288,5797.0,0.017250301880282905,0.6382611695704675
2021-03-24,15351.0,159.0,190.0,3.0,2.0,6.0,35.0,373.0,1.035763142466289,5720.0,0.03496503496503497,0.6118881118881119
2021-03-25,14876.0,227.0,199.0,4.0,1.0,2.0,19.0,344.0,1.5259478354396343,5635.0,0.01774622892635315,0.33717834960070986
2021-03-26,13970.0,190.0,152.0,3.0,1.0,2.0,18.0,322.0,1.3600572655690766,5517.0,0.018125793003443903,0.3262642740619902
2021-03-27,13013.0,201.0,87.0,7.0,1.0,2.0,29.0,320.0,1.5446092369169293,5520.0,0.018115942028985508,0.5253623188405797
2021-03-28,9744.0,171.0,103.0,0.0,1.0,0.0,19.0,322.0,1.7549261083743841,5444.0,0.01836884643644379,0.349008082292432
2021-03-29,6506.0,125.0,123.0,1.0,2.0,2.0,11.0,320.0,1.92130341223486,5376.0,0.03720238095238095,0.20461309523809526
2021-03-30,4589.0,94.0,137.0,0.0,0.0,0.0,17.0,306.0,2.0483765526258444,5300.0,0.0,0.32075471698113206
2021-03-31,14550.0,60.0,108.0,1.0,0.0,3.0,17.0,290.0,0.4123711340206186,5152.0,0.0,0.3299689440993789
2021-04-01,11410.0,188.0,94.0,2.0,2.0,1.0,21.0,281.0,1.6476774758983348,5073.0,0.03942440370589395,0.4139562389118865
2021-04-02,0.0,0.0,63.0,0.0,5.0,5.0,25.0,257.0,,4843.0,0.10324179227751394,0.5162089613875697
2021-04-03,24051.0,95.0,58.0,2.0,1.0,2.0,22.0,243.0,0.39499397114465096,4743.0,0.02108370229812355,0.4638414505587181
2021-04-04,0.0,0.0,76.0,0.0,0.0,1.0,21.0,242.0,,4591.0,0.0,0.4574166848181224
2021-04-05,10539.0,189.0,72.0,8.0,1.0,2.0,17.0,257.0,1.7933390264730997,4616.0,0.02166377816291161,0.3682842287694974
2021-04-06,5081.0,126.0,105.0,2.0,2.0,3.0,17.0,243.0,2.4798268057469004,4576.0,0.043706293706293704,0.3715034965034965
2021-04-07,8150.0,82.0,105.0,0.0,0.0,1.0,18.0,225.0,1.0061349693251533,4433.0,0.0,0.4060455673358899
2021-04-08,14030.0,82.0,90.0,6.0,1.0,2.0,16.0,207.0,0.5844618674269423,4320.0,0.02314814814814815,0.3703703703703704
2021-04-09,16891.0,114.0,72.0,1.0,2.0,2.0,16.0,209.0,0.6749156355455568,4244.0,0.0471253534401508,0.3770028275212064
2021-04-10,7614.0,130.0,51.0,0.0,2.0,1.0,13.0,202.0,1.7073811400052534,4164.0,0.04803073967339097,0.31219980787704127
2021-04-11,8234.0,53.0,54.0,3.0,0.0,1.0,14.0,208.0,0.6436725771192616,4000.0,0.0,0.35000000000000003
2021-04-12,5684.0,50.0,107.0,0.0,2.0,2.0,17.0,142.0,0.8796622097114707,3802.0,0.052603892688058915,0.44713308784850075
2021-04-13,6216.0,69.0,64.0,2.0,0.0,1.0,11.0,133.0,1.1100386100386102,3729.0,0.0,0.2949852507374631
2021-04-14,13035.0,62.0,79.0,0.0,3.0,4.0,20.0,124.0,0.47564250095895666,3646.0,0.08228195282501372,0.5485463521667581
2021-04-15,10828.0,105.0,71.0,2.0,1.0,2.0,16.0,117.0,0.9697081640192096,3454.0,0.028951939779965255,0.4632310364794441
2021-04-16,12585.0,48.0,60.0,0.0,0.0,1.0,21.0,106.0,0.3814064362336114,3301.0,0.0,0.6361708573159649
2021-04-17,0.0,0.0,38.0,0.0,2.0,1.0,10.0,115.0,,3093.0,0.06466214031684449,0.3233107015842224
2021-04-18,18774.0,94.0,54.0,3.0,2.0,3.0,15.0,109.0,0.5006924470011718,2991.0,0.06686726847208291,0.5015045135406219
2021-04-19,5472.0,102.0,74.0,2.0,0.0,1.0,20.0,97.0,1.8640350877192982,2943.0,0.0,0.6795786612300373
2021-04-20,6315.0,53.0,57.0,2.0,1.0,2.0,22.0,101.0,0.8392715756136183,2869.0,0.03485535029627048,0.7668177065179504
2021-04-21,11954.0,64.0,63.0,0.0,1.0,0.0,23.0,101.0,0.5353856449723942,2774.0,0.03604902667627974,0.829127613554434
2021-04-22,13126.0,63.0,55.0,1.0,0.0,0.0,13.0,101.0,0.4799634313576108,2610.0,0.0,0.4980842911877395
2021-04-23,11548.0,58.0,48.0,0.0,2.0,3.0,10.0,103.0,0.5022514721163838,2478.0,0.08071025020177562,0.40355125100887806
2021-04-24,0.0,0.0,38.0,0.0,0.0,2.0,15.0,103.0,,2277.0,0.0,0.6587615283267457
2021-04-25,18887.0,62.0,32.0,3.0,1.0,1.0,17.0,81.0,0.32826812092974,2168.0,0.046125461254612546,0.7841328413284132
2021-04-26,5217.0,97.0,56.0,2.0,1.0,0.0,10.0,86.0,1.8593061146252636,2140.0,0.04672897196261683,0.46728971962616817
2021-04-27,5514.0,33.0,60.0,0.0,0.0,0.0,19.0,102.0,0.5984766050054406,2079.0,0.0,0.9139009139009139
2021-04-28,12829.0,35.0,48.0,0.0,0.0,0.0,12.0,83.0,0.2728193935614623,2054.0,0.0,0.5842259006815969
2021-04-29,13362.0,69.0,55.0,2.0,1.0,0.0,9.0,86.0,0.516389762011675,1935.0,0.05167958656330749,0.46511627906976744
2021-04-30,13435.0,36.0,34.0,0.0,0.0,0.0,12.0,62.0,0.2679568291775214,1971.0,0.0,0.60882800608828
2021-05-01,0.0,0.0,32.0,0.0,0.0,0.0,20.0,73.0,,1876.0,0.0,1.0660980810234542
2021-05-02,16810.0,79.0,27.0,0.0,1.0,1.0,21.0,60.0,0.4699583581201666,1955.0,0.051150895140664954,1.0741687979539642
2021-05-03,0.0,0.0,27.0,0.0,0.0,0.0,13.0,62.0,,1766.0,0.0,0.7361268403171007
2021-05-04,9202.0,65.0,56.0,1.0,1.0,0.0,14.0,66.0,0.7063681808302542,1705.0,0.05865102639296188,0.8211143695014663
2021-05-05,8997.0,54.0,45.0,0.0,0.0,1.0,12.0,63.0,0.6002000666888962,1677.0,0.0,0.7155635062611807
2021-05-06,12638.0,34.0,65.0,1.0,2.0,1.0,15.0,56.0,0.2690299097958538,1629.0,0.12277470841006752,0.9208103130755065
2021-05-07,14669.0,47.0,39.0,0.0,2.0,2.0,13.0,54.0,0.32040357215897475,1562.0,0.12804097311139565,0.8322663252240717
2021-05-08,0.0,0.0,31.0,0.0,0.0,2.0,15.0,62.0,,1432.0,0.0,1.047486033519553
2021-05-09,20799.0,54.0,30.0,0.0,1.0,0.0,11.0,53.0,0.2596278667243618,1433.0,0.06978367062107467,0.7676203768318213
2021-05-10,5738.0,104.0,42.0,4.0,0.0,0.0,19.0,49.0,1.8124782154060648,1487.0,0.0,1.277740416946873
2021-05-11,5390.0,30.0,65.0,1.0,0.0,0.0,13.0,57.0,0.5565862708719851,1448.0,0.0,0.8977900552486188
2021-05-12,14456.0,22.0,61.0,0.0,0.0,0.0,13.0,42.0,0.15218594355285,1408.0,0.0,0.9232954545454546
2021-05-13,12555.0,59.0,37.0,1.0,0.0,1.0,18.0,44.0,0.4699322978892871,1362.0,0.0,1.3215859030837005
2021-05-14,11205.0,54.0,44.0,0.0,3.0,2.0,9.0,48.0,0.48192771084337355,1368.0,0.21929824561403508,0.6578947368421052
2021-05-15,0.0,0.0,27.0,0.0,0.0,2.0,14.0,42.0,,1368.0,0.0,1.023391812865497
2021-05-16,19342.0,54.0,31.0,1.0,0.0,1.0,9.0,38.0,0.27918519284458687,1328.0,0.0,0.677710843373494
2021-05-17,4654.0,91.0,50.0,1.0,1.0,0.0,12.0,35.0,1.9553072625698324,1317.0,0.07593014426727411,0.9111617312072893
2021-05-18,6776.0,32.0,45.0,0.0,2.0,1.0,14.0,38.0,0.47225501770956313,1296.0,0.15432098765432098,1.0802469135802468
2021-05-19,11612.0,44.0,35.0,0.0,2.0,1.0,13.0,41.0,0.37891836031691356,1276.0,0.1567398119122257,1.018808777429467
2021-05-20,11784.0,45.0,47.0,1.0,0.0,0.0,15.0,42.0,0.3818737270875764,1258.0,0.0,1.192368839427663
2021-05-21,12413.0,28.0,51.0,3.0,0.0,1.0,12.0,39.0,0.225569966970112,1228.0,0.0,0.9771986970684038
2021-05-22,0.0,0.0,35.0,0.0,0.0,0.0,21.0,31.0,,1228.0,0.0,1.710097719869707
2021-05-23,18915.0,46.0,21.0,2.0,0.0,0.0,22.0,32.0,0.24319323288395453,1212.0,0.0,1.8151815181518154
2021-05-24,5080.0,101.0,41.0,0.0,1.0,1.0,18.0,34.0,1.988188976377953,1216.0,0.08223684210526315,1.4802631578947367
2021-05-25,5985.0,19.0,50.0,0.0,1.0,0.0,24.0,26.0,0.31746031746031744,1202.0,0.08319467554076539,1.9966722129783694
2021-05-26,11726.0,28.0,30.0,1.0,0.0,1.0,22.0,20.0,0.23878560463926318,1195.0,0.0,1.8410041841004186
2021-05-27,13321.0,58.0,36.0,2.0,0.0,0.0,27.0,17.0,0.43540274754147584,1184.0,0.0,2.2804054054054053
2021-05-28,11421.0,32.0,40.0,0.0,0.0,0.0,18.0,21.0,0.2801856229752211,1180.0,0.0,1.5254237288135595
2021-05-29,0.0,0.0,41.0,0.0,0.0,0.0,7.0,20.0,,1180.0,0.0,0.5932203389830508
2021-05-30,17885.0,30.0,39.0,0.0,0.0,0.0,12.0,20.0,0.16773832820799553,1131.0,0.0,1.0610079575596816
2021-05-31,0.0,0.0,60.0,0.0,0.0,0.0,6.0,20.0,,1131.0,0.0,0.5305039787798408
2021-06-01,8601.0,94.0,59.0,0.0,0.0,0.0,7.0,20.0,1.092896174863388,1160.0,0.0,0.603448275862069
2021-06-02,8166.0,83.0,80.0,0.0,0.0,0.0,6.0,22.0,1.0164095028165565,1189.0,0.0,0.5046257359125316
2021-06-03,13159.0,49.0,88.0,0.0,0.0,0.0,2.0,24.0,0.3723687210274337,1204.0,0.0,0.16611295681063123
2021-06-04,13378.0,71.0,65.0,0.0,0.0,0.0,5.0,22.0,0.5307220810285543,1228.0,0.0,0.40716612377850164
2021-06-05,0.0,0.0,76.0,0.0,1.0,1.0,9.0,22.0,,1228.0,0.08143322475570033,0.7328990228013029
2021-06-06,14888.0,92.0,68.0,0.0,0.0,0.0,5.0,22.0,0.6179473401397099,1266.0,0.0,0.3949447077409162
2021-06-07,3140.0,75.0,105.0,1.0,0.0,0.0,12.0,27.0,2.388535031847134,1237.0,0.0,0.9700889248181084
2021-06-08,15516.0,22.0,116.0,0.0,0.0,0.0,17.0,30.0,0.14178912090745038,1229.0,0.0,1.3832384052074858
2021-06-09,11755.0,223.0,129.0,0.0,1.0,0.0,5.0,39.0,1.897065078689919,1430.0,0.06993006993006994,0.34965034965034963
2021-06-10,13427.0,113.0,139.0,1.0,0.0,0.0,6.0,41.0,0.8415878453861622,1484.0,0.0,0.40431266846361186
2021-06-11,11911.0,118.0,130.0,0.0,0.0,0.0,8.0,37.0,0.9906808832171942,1548.0,0.0,0.516795865633075
2021-06-12,0.0,0.0,86.0,0.0,0.0,0.0,8.0,40.0,,1548.0,0.0,0.516795865633075
2021-06-13,19207.0,115.0,112.0,1.0,0.0,0.0,10.0,44.0,0.5987400426927683,1609.0,0.0,0.6215040397762586
2021-06-14,6086.0,247.0,159.0,0.0,0.0,0.0,3.0,41.0,4.058494906342426,1765.0,0.0,0.16997167138810199
2021-06-15,6940.0,98.0,194.0,0.0,0.0,0.0,8.0,44.0,1.4121037463976944,1831.0,0.0,0.43691971600218454
2021-06-16,11804.0,141.0,189.0,0.0,0.0,0.0,11.0,45.0,1.1945103354794986,1928.0,0.0,0.5705394190871369
2021-06-17,12782.0,140.0,222.0,0.0,0.0,0.0,13.0,38.0,1.095290251916758,2023.0,0.0,0.6426099851705388
2021-06-18,13600.0,163.0,174.0,0.0,0.0,0.0,8.0,44.0,1.1985294117647058,2158.0,0.0,0.3707136237256719
2021-06-19,0.0,0.0,195.0,0.0,2.0,1.0,8.0,40.0,,2158.0,0.09267840593141798,0.3707136237256719
2021-06-20,24705.0,176.0,187.0,0.0,0.0,0.0,5.0,45.0,0.7124063954665047,2288.0,0.0,0.21853146853146854
2021-06-21,8164.0,484.0,342.0,0.0,1.0,0.0,10.0,46.0,5.928466438020578,2671.0,0.037439161362785474,0.3743916136278547
2021-06-22,9646.0,175.0,343.0,0.0,0.0,0.0,6.0,44.0,1.8142235123367199,2827.0,0.0,0.21223912274495935
2021-06-23,15327.0,213.0,413.0,1.0,1.0,0.0,5.0,42.0,1.3897044431395575,3012.0,0.033200531208499334,0.16600265604249667
2021-06-24,16667.0,438.0,413.0,0.0,0.0,2.0,8.0,38.0,2.627947441051179,3392.0,0.0,0.2358490566037736
2021-06-25,16386.0,336.0,376.0,1.0,0.0,0.0,4.0,38.0,2.0505309410472354,3696.0,0.0,0.10822510822510822
2021-06-26,0.0,0.0,252.0,0.0,0.0,0.0,8.0,40.0,,3696.0,0.0,0.21645021645021645
2021-06-27,24561.0,416.0,364.0,1.0,0.0,0.0,3.0,42.0,1.6937421114775457,4082.0,0.0,0.07349338559529642
2021-06-28,8571.0,670.0,628.0,0.0,0.0,0.0,1.0,36.0,7.817057519542643,4752.0,0.0,0.02104377104377104
2021-06-29,11647.0,281.0,637.0,0.0,1.0,0.0,6.0,41.0,2.4126384476689275,4939.0,0.020247013565499086,0.12148208139299453
2021-06-30,13710.0,513.0,596.0,0.0,0.0,0.0,7.0,39.0,3.7417943107221006,5369.0,0.0,0.1303780964797914
2021-07-01,18629.0,481.0,645.0,0.0,0.0,0.0,8.0,44.0,2.5819958129797627,5801.0,0.0,0.13790725736941908
2021-07-02,15908.0,570.0,577.0,0.0,1.0,1.0,5.0,50.0,3.5831028413376917,6300.0,0.015873015873015872,0.07936507936507936
2021-07-03,0.0,0.0,496.0,0.0,1.0,0.0,9.0,46.0,,6300.0,0.015873015873015872,0.14285714285714285
2021-07-04,32645.0,535.0,555.0,0.0,0.0,0.0,3.0,43.0,1.6388420891407567,6743.0,0.0,0.04449058282663503
2021-07-05,11054.0,1256.0,777.0,2.0,0.0,0.0,6.0,60.0,11.362402750135697,7924.0,0.0,0.0757193336698637
2021-07-06,11952.0,698.0,771.0,1.0,0.0,0.0,7.0,58.0,5.840026773761713,8600.0,0.0,0.08139534883720931
2021-07-07,18092.0,663.0,777.0,0.0,1.0,1.0,7.0,57.0,3.6646031395091754,9040.0,0.011061946902654867,0.07743362831858407
2021-07-08,18070.0,701.0,713.0,0.0,0.0,0.0,5.0,61.0,3.8793580520199225,9628.0,0.0,0.0519318653926049
2021-07-09,13380.0,655.0,778.0,1.0,1.0,1.0,17.0,65.0,4.895366218236173,10165.0,0.009837678307919331,0.16724053123462862
2021-07-10,0.0,0.0,655.0,0.0,1.0,1.0,8.0,66.0,,10165.0,0.009837678307919331,0.07870142646335465
2021-07-11,23548.0,698.0,714.0,0.0,1.0,1.0,5.0,62.0,2.9641583149312045,10748.0,0.009304056568663939,0.04652028284331969
2021-07-12,12565.0,1190.0,915.0,0.0,0.0,1.0,3.0,67.0,9.47075208913649,11691.0,0.0,0.025660764690787787
2021-07-13,19186.0,737.0,1098.0,1.0,2.0,2.0,9.0,67.0,3.8413426456791413,12330.0,0.016220600162206,0.072992700729927
2021-07-14,15736.0,1135.0,1206.0,1.0,2.0,2.0,11.0,81.0,7.212760549059481,13324.0,0.015010507355148604,0.08255779045331732
2021-07-15,18404.0,861.0,1119.0,0.0,1.0,1.0,8.0,88.0,4.678330797652684,14045.0,0.007119971520113919,0.05695977216091135
2021-07-16,0.0,1083.0,954.0,2.0,3.0,3.0,19.0,85.0,100.0,14965.0,0.020046775810223856,0.12696291346475108
2021-07-17,18064.0,0.0,639.0,0.0,1.0,3.0,17.0,92.0,0.0,14965.0,0.006682258603407952,0.11359839625793519
2021-07-18,31299.0,1112.0,619.0,3.0,1.0,2.0,9.0,89.0,3.5528291638710505,15901.0,0.006288912647003333,0.056600213823029995
2021-07-19,8578.0,2053.0,910.0,3.0,2.0,1.0,14.0,100.0,23.933317789694566,17470.0,0.011448196908986834,0.08013737836290784
2021-07-20,12241.0,555.0,821.0,0.0,2.0,4.0,27.0,103.0,4.533943305285516,17850.0,0.011204481792717087,0.15126050420168066
2021-07-21,13002.0,941.0,802.0,1.0,1.0,1.0,31.0,107.0,7.237348100292262,18578.0,0.005382710733125202,0.16686403272688127
2021-07-22,13579.0,712.0,823.0,4.0,1.0,1.0,21.0,120.0,5.243390529494072,18852.0,0.005304476978569912,0.11139401654996818
2021-07-23,0.0,755.0,685.0,1.0,2.0,2.0,25.0,129.0,100.0,19271.0,0.010378288620206528,0.1297286077525816
2021-07-24,22559.0,0.0,582.0,0.0,3.0,,23.0,133.0,0.0,19271.0,0.01556743293030979,0.11935031913237508
2021-07-25,21454.0,1238.0,529.0,0.0,2.0,,14.0,128.0,5.77048569031416,20093.0,0.009953715224207436,0.06967600656945205
2021-07-26,9539.0,1130.0,754.0,2.0,2.0,,10.0,145.0,11.846105461788447,20553.0,0.00973093952221087,0.04865469761105435
2021-07-27,9731.0,704.0,768.0,0.0,3.0,,12.0,142.0,7.234611036892407,20976.0,0.014302059496567507,0.057208237986270026
2021-07-28,14747.0,588.0,688.0,6.0,4.0,,26.0,144.0,3.987251644402251,21051.0,0.019001472614127594,0.12350957199182937
2021-07-29,17850.0,724.0,689.0,3.0,1.0,,12.0,138.0,4.056022408963585,21294.0,0.004696158542312388,0.05635390250774866
2021-07-30,14791.0,824.0,586.0,4.0,0.0,,10.0,140.0,5.570955310661889,21548.0,0.0,0.04640801930573603
2021-07-31,0.0,0.0,480.0,0.0,2.0,,14.0,144.0,,21548.0,0.009281603861147207,0.06497122702803045
2021-08-01,24220.0,719.0,523.0,5.0,3.0,,21.0,147.0,2.9686209744013214,21732.0,0.01380452788514633,0.0966316951960243
2021-08-02,7958.0,1106.0,759.0,1.0,3.0,,13.0,159.0,13.897964312641367,21582.0,0.013900472616068946,0.060235381336298764
2021-08-03,8327.0,581.0,734.0,0.0,4.0,,9.0,148.0,6.977302750090068,21465.0,0.01863498718844631,0.04192872117400419
2021-08-04,14079.0,608.0,,4.0,,,12.0,133.0,4.318488529014845,21410.0,,0.0560485754320411
2021-08-05,15767.0,681.0,,3.0,,,7.0,130.0,4.3191475867317815,21390.0,,0.03272557269752221
2021-08-06,14602.0,803.0,,0.0,,,17.0,133.0,5.499246678537187,21538.0,,0.07893026279134553
2021-08-07,0.0,0.0,,0.0,,,,,,21538.0,,
2021-08-08,25491.0,864.0,,3.0,,,,,3.3894315640814403,21704.0,,
2021-08-09,,1364.0,,3.0,,,,,,21878.0,,
